county_geoid_text,pm25_median_ugm3_2018_2022,pm25_mean_ugm3_2018_2022,pm25_max_year_med
01001,8.59175,9.060424,9.2205
01003,8.0741005,8.575946,8.6
01005,8.1104,8.838516,8.99575
01007,8.078199,8.738759,8.854
01009,8.102,8.745359,8.791
01011,8.051625,8.7716875,8.535
01013,7.7979,8.30028,8.329
01015,8.16095,8.784079,8.885
01017,8.182875,8.993051,8.745
01019,8.050325,8.633664,8.693
01021,8.21335,8.75748,9.123
01023,7.624875,8.158403,8.4815
01025,7.771225,8.280397,8.491
01027,7.7473745,8.420216,8.555
01029,7.866075,8.490481,8.6155
01031,8.174899,8.652616,9.186625
01033,7.0432253,7.6310706,7.581125
01035,7.7563996,8.302767,8.382
01037,7.9554,8.641515,8.76
01039,7.95055,8.384689,8.69275
01041,7.9268007,8.42231,8.3415
01043,8.029775,8.588893,8.572
01045,8.243151,8.791731,9.355375
01047,7.9859,8.488499,8.802
01049,7.863875,8.458285,8.3375
01051,8.47365,9.07073,9.141
01053,7.9315004,8.486157,8.346
01055,8.1875,8.816179,8.766
01057,7.53535,8.164085,8.195
01059,7.044675,7.6113405,7.572
01061,8.112725,8.626588,9.17275
01063,7.714025,8.251104,8.407
01065,7.6915,8.31726,8.536
01067,8.128099,8.8478985,9.335
01069,8.393225,8.973466,9.676624
01071,7.4670997,7.974233,7.8272495
01073,9.164225,9.72452,9.747
01075,7.5559998,8.140108,8.201
01077,6.97095,7.466886,7.5325003
01079,7.3097,7.935308,7.81525
01081,8.430025,9.2523985,8.917
01083,7.435125,7.96848,7.8546247
01085,7.991075,8.524874,8.555
01087,8.234449,8.995234,8.845
01089,7.7408,8.315384,8.111
01091,7.68145,8.205055,8.4945
01093,7.167325,7.816044,7.769
01095,8.086801,8.639592,8.4905
01097,8.6717005,9.210409,9.15925
01099,7.74285,8.272173,8.382
01101,8.726649,9.30924,9.178
01103,7.8169,8.439764,8.208
01105,7.7978754,8.350539,8.672
01107,7.748075,8.347227,8.511
01109,7.9904757,8.614693,8.51175
01111,7.829225,8.508758,8.4595
01113,8.4418,9.367823,8.925
01115,8.438875,9.074724,9.143
01117,8.891525,9.458652,9.602
01119,7.6101503,8.162236,8.537
01121,8.148226,8.833483,8.9525
01123,7.9544,8.668119,8.756
01125,8.226726,8.833776,8.838
01127,8.008625,8.598239,8.898
01129,7.831599,8.44211,8.367
01131,7.7435746,8.20814,8.4555
01133,7.3978996,8.0546055,8.022
04001,3.8238251,4.146246,4.00425
04003,5.52235,5.6202335,6.2434998
04005,4.115175,4.3427844,4.672125
04007,4.264975,4.554243,4.67775
04009,4.4997997,4.661108,4.80075
04011,4.4666,4.617659,4.8137503
04012,5.2572,5.5759215,5.8684998
04013,6.8886247,7.7340684,7.21675
04015,4.5433497,4.794505,5.3145
04017,4.0634,4.2781324,4.344
04019,5.587675,5.824746,6.4935
04021,6.4633,6.771689,7.045
04023,6.5699754,7.161597,8.10225
04025,4.54915,4.7209215,5.073875
04027,7.60385,7.9051223,8.101
05001,7.7665496,8.334224,8.39
05003,7.97325,8.42654,8.645
05005,7.1763496,7.7400274,7.561
05007,8.248899,8.817129,9.088
05009,7.0703497,7.639161,7.52875
05011,8.00055,8.512133,8.655
05013,8.2348,8.734667,9.0015
05015,7.248525,7.78893,7.522
05017,7.8086996,8.328676,8.2555
05019,8.3959,8.88097,9.286
05021,7.6871004,8.241219,8.007
05023,7.75715,8.241236,8.404
05025,8.051725,8.532787,8.8315
05027,8.518499,8.963583,9.219
05029,8.223524,8.739457,9.023
05031,8.0075,8.5876,8.521
05033,8.32765,8.927222,8.704
05035,7.9723,8.581377,8.383
05037,7.65035,8.288732,7.9965
05039,8.13135,8.628782,9.039
05041,7.7178497,8.325424,8.387
05043,7.8417997,8.401628,8.486
05045,8.6582,9.181214,9.584
05047,7.56465,8.181707,8.321
05049,7.618,7.9527807,7.7865
05051,8.21605,8.730723,9.1015
05053,8.154551,8.715032,9.0365
05055,7.9134245,8.449201,8.292
05057,8.7432995,9.24628,9.177
05059,8.37405,8.867021,9.377
05061,8.747251,9.11598,9.192
05063,7.7105246,8.278341,8.226749
05065,7.2834253,7.8144355,7.8536253
05067,7.751625,8.350021,8.156
05069,8.2457,8.72712,9.0775
05071,7.7100997,8.242455,8.314
05073,8.6003,9.079168,9.0205
05075,7.861125,8.304317,8.261
05077,7.6486254,8.279294,8.0465
05079,7.9104753,8.476067,8.589
05081,9.001725,9.442639,9.271375
05083,7.846925,8.459167,8.4955
05085,8.330775,8.911293,9.227
05087,7.0476747,7.659047,7.527625
05089,7.0527253,7.65085,7.492375
05091,9.10895,9.556959,9.53025
05093,7.5107,8.163421,7.851125
05095,7.6414003,8.262564,8.204
05097,7.8049498,8.331678,8.503
05099,8.45905,8.960319,9.089
05101,6.81875,7.3807845,7.256375
05103,8.439225,8.943146,9.1915
05105,8.01075,8.569841,8.805
05107,7.6338997,8.253244,8.1185
05109,8.223001,8.768293,8.891
05111,7.735875,8.361582,8.099
05113,7.874425,8.400255,8.241
05115,8.12875,8.55794,8.889
05117,7.831,8.431701,8.453
05119,8.803475,9.371542,9.824
05121,7.6103997,8.134558,7.9837503
05123,7.6419754,8.313817,8.021
05125,8.478625,9.066254,9.423
05127,7.69185,8.285824,8.339
05129,6.9791,7.561535,7.49375
05131,8.54125,9.167408,9.083
05133,8.59975,9.123463,9.0455
05135,7.31435,7.867778,7.8795004
05137,7.311425,7.800728,7.8905
05139,8.514575,9.008646,9.1655
05141,7.485875,7.9972177,8.098
05143,8.04335,8.582224,8.576
05145,7.97285,8.549926,8.714
05147,7.703025,8.310439,8.1675
05149,7.9615755,8.510717,8.6935
06001,7.972225,9.953891,9.415125
06003,3.90485,6.6780586,4.4814997
06005,6.601625,8.661219,8.466
06007,7.620575,11.140886,8.4075
06009,6.413775,8.671521,8.964251
06011,7.6175256,10.109724,8.724125
06013,8.0852,10.334276,9.690001
06015,6.4721503,7.5682726,7.5880003
06017,5.80755,8.310507,6.4875
06019,11.760626,14.675463,14.708125
06021,7.6138253,10.418722,8.3355
06023,6.6766996,7.621579,7.346
06025,8.50555,8.840816,9.31225
06027,4.6060753,6.8635035,5.1765
06029,11.644976,12.667977,13.767876
06031,12.7232,15.405286,17.07725
06033,6.0758,8.30969,7.13175
06035,5.54635,8.293467,6.0004997
06037,10.53385,11.282391,11.414875
06039,9.5512495,12.013714,11.1625
06041,6.9223,8.6291065,7.98275
06043,6.7447,9.700944,8.164625
06045,6.7343,8.42383,9.05225
06047,9.86735,12.493742,12.407001
06049,5.53605,7.8109446,5.8735
06051,4.260075,7.2132125,4.65575
06053,5.1959753,6.0419364,6.2515
06055,7.0204,8.853621,8.246625
06057,5.721925,8.055357,6.5685
06059,10.564975,11.463712,11.3355
06061,7.887525,9.915609,8.36925
06063,5.78935,8.912478,6.48625
06065,9.32045,9.731578,10.071
06067,8.75535,11.518515,11.502501
06069,5.720575,6.7667847,6.5319996
06071,10.5088,10.619535,11.3095
06073,9.375325,9.734398,10.28975
06075,7.4539747,9.227631,8.607625
06077,9.3965,12.412196,12.584
06079,6.324,6.9456353,7.1637497
06081,7.2079253,8.7856865,8.307625
06083,6.125825,6.712977,7.69075
06085,7.515725,9.118718,8.75175
06087,5.945825,7.071742,6.9694996
06089,6.631325,9.531125,7.6343756
06091,5.0588503,7.391051,5.73925
06093,6.0544,9.372101,6.755625
06095,7.6391997,9.883973,9.003626
06097,6.623925,8.210862,7.567875
06099,10.20795,13.259254,14.246125
06101,8.860049,11.83592,10.15475
06103,6.6087503,9.405309,7.3345
06105,5.0821,8.332714,5.8105
06107,13.300575,15.945109,15.300501
06109,6.9101,9.2417555,8.75575
06111,6.9003744,7.5994177,8.89825
06113,7.9965005,10.856053,9.592
06115,8.6131,11.242437,9.54325
08001,7.33805,8.768135,8.097
08003,4.4193754,4.7692914,4.7546253
08005,6.5544252,7.804431,7.0675
08007,3.957175,4.3908734,4.282625
08009,4.6780252,5.096926,4.995125
08011,4.581625,4.945818,4.8272495
08013,6.24105,7.408349,6.763
08014,6.979975,8.423631,7.612125
08015,3.5723252,4.1435432,3.9805
08017,4.85485,5.356266,5.07475
08019,3.8578,4.6576834,4.44825
08021,3.9424253,4.3514385,4.4325
08023,3.9252498,4.3377924,4.322125
08025,4.69725,5.076787,4.9575
08027,3.9873748,4.259592,4.2767496
08029,4.35855,4.947453,4.86175
08031,6.799225,8.196207,7.5038753
08033,3.7522,4.2938085,3.9865
08035,5.510625,6.5933685,6.1949997
08037,3.6153998,4.4069023,3.992125
08039,4.8576,5.6891575,5.2855005
08041,4.9349504,5.6112056,5.4685
08043,4.11395,4.6876526,4.6715
08045,3.953975,4.8030515,4.2646246
08047,4.393875,4.86986,4.64875
08049,3.77715,4.6031923,4.23275
08051,3.636025,4.2159395,3.908875
08053,3.52595,4.0439115,3.90825
08055,3.923125,4.498393,4.3971252
08057,3.5448997,4.4372706,4.01125
08059,5.981,7.1482024,6.69575
08061,4.9353,5.4093523,5.16
08063,4.9163,5.4199557,5.253
08065,3.5137749,4.131237,3.9328752
08067,4.337175,5.004724,4.5872498
08069,5.9094,6.9880357,6.62075
08071,3.9499748,4.3283534,4.416375
08073,4.6096,5.2170076,4.7998753
08075,4.78525,5.346937,5.09
08077,4.8133,5.547735,5.301
08079,3.5087998,4.0156546,3.9272501
08081,4.368825,5.200405,4.6605
08083,4.2200003,4.6473503,4.43925
08085,4.175725,4.7225943,4.4565
08087,5.64915,6.3511934,5.9295
08089,4.68055,5.1812906,5.0015
08091,3.633125,4.0755587,3.83025
08093,3.5663497,4.265849,4.10675
08095,4.845825,5.3332243,5.2275
08097,3.576025,4.231269,3.865875
08099,5.0351496,5.502451,5.2469997
08101,4.97095,5.5198107,5.31075
08103,4.887125,5.6134925,5.045375
08105,4.0214996,4.4558196,4.3147497
08107,3.91105,4.760154,4.2939997
08109,3.7620997,4.2167344,4.2124996
08111,3.5980499,4.152552,3.88175
08113,3.648025,4.2191386,3.857625
08115,4.67275,5.2174797,5.089
08117,3.82975,4.1765423,4.0695
08119,3.9244752,4.686574,4.462875
08121,5.0431,5.6013527,5.228
08123,7.4698753,8.713027,7.9814997
08125,4.998975,5.5098014,5.3145
09001,6.67845,7.747706,6.9915
09003,6.445375,7.355237,6.7320004
09005,5.7058,6.6716638,6.058
09007,6.2886,7.190763,6.6105
09009,6.5937247,7.5963373,6.84875
09011,5.48565,6.2470512,5.7755003
09013,6.057425,6.926909,6.5345
09015,5.57185,6.3175793,5.92375
10001,6.205125,6.8751373,6.472
10003,7.2458,8.107349,7.4249997
10005,6.33845,6.8944387,6.632
11001,7.309275,8.000209,7.79975
12001,6.9829,7.444368,7.41
12003,7.093,7.7183027,7.71125
12005,7.5104,7.905806,7.931
12007,7.0540495,7.597342,7.4515
12009,6.584675,7.0718384,7.153
12011,6.8718004,7.492349,7.3475
12013,7.56715,8.089132,8.50825
12015,6.77735,7.201165,7.151
12017,7.0761003,7.4659805,7.3859997
12019,7.4985504,8.0108595,8.035625
12021,6.685875,7.0440607,6.974
12023,7.1399,7.66339,7.93125
12027,6.6510496,7.078827,7.0614996
12029,6.65885,7.0466294,7.2254996
12031,7.7238503,8.328819,8.42375
12033,8.11305,8.612422,8.6245
12035,6.884575,7.3531637,7.399875
12037,6.7165003,7.162896,7.2609997
12039,7.9218497,8.618335,8.92075
12041,6.86975,7.324094,7.4907503
12043,6.2605,6.724345,6.526
12045,6.905225,7.3075614,7.305625
12047,7.15755,7.7712564,8.13675
12049,6.7861,7.268899,7.277
12051,6.3027253,6.783619,6.59725
12053,7.054625,7.5071588,7.2945004
12055,6.6171503,7.033001,7.104
12057,7.549575,8.127978,7.8565
12059,7.9873,8.444416,9.019125
12061,6.4625998,6.9323196,6.8947496
12063,7.9672,8.5490675,9.14525
12065,7.273825,7.840583,7.8988748
12067,7.095675,7.5563827,7.991
12069,7.1183996,7.6591325,7.6225004
12071,6.7829247,7.205279,7.0525
12073,7.8426256,8.563846,8.725
12075,6.7379503,7.1499734,7.15775
12077,7.137225,7.7489433,7.79525
12079,7.4568,7.9940834,8.5455
12081,7.05595,7.5922813,7.4709997
12083,7.1039495,7.4828553,7.4985
12085,6.4262505,6.874606,6.8847504
12086,6.7816496,7.3835764,7.37375
12087,6.0285254,6.3760858,6.7721252
12089,7.231725,7.8287086,7.9700003
12091,7.6785,8.124437,8.283751
12093,6.405275,6.87847,6.74825
12095,7.4783998,8.027187,8.115
12097,7.52575,7.991548,7.9995003
12099,6.4154997,6.9625983,6.8164997
12101,7.134075,7.645101,7.385
12103,6.9995246,7.542859,7.355
12105,7.3220253,7.85893,7.701
12107,6.9446,7.3616476,7.5315
12109,7.138875,7.7026033,7.82225
12111,6.564575,7.014605,7.038
12113,8.03545,8.484364,8.63825
12115,6.8642745,7.3780823,7.354375
12117,7.1159997,7.691188,7.737
12119,7.148525,7.643567,7.52775
12121,7.24205,7.721617,8.23225
12123,6.9549,7.435817,7.588
12125,7.0835,7.5578375,7.785
12127,6.937575,7.4198923,7.504875
12129,7.097075,7.5896883,7.65975
12131,7.6729,8.084733,8.23425
12133,7.8014,8.27038,8.6075
13001,8.01535,8.815672,8.9592495
13003,7.84015,8.622604,8.921499
13005,7.9020004,8.650505,8.8605
13007,8.5366,9.465167,10.106125
13009,8.272924,9.195743,8.905624
13011,7.9195495,8.516974,8.6135
13013,8.5921,9.370875,9.363
13015,8.6818,9.230608,9.418
13017,8.107925,9.073603,9.205376
13019,8.004625,8.918795,9.204375
13021,8.255899,9.213504,8.902
13023,8.194799,9.101834,8.841
13025,7.36335,8.086527,8.542
13027,7.99675,8.841407,9.37125
13029,7.98275,8.770536,8.82
13031,8.1446,8.9636345,9.0865
13033,8.363025,9.229124,8.8365
13035,8.3343,9.122917,8.951
13037,8.2946,9.198073,9.820749
13039,7.1452003,7.7895417,8.045626
13043,8.1779,9.043147,9.351
13045,8.12075,8.814264,8.873
13047,8.294001,8.953421,8.7575
13049,6.9519997,7.6988244,7.5682497
13051,8.0549755,8.7494545,8.892626
13053,8.16035,9.142541,8.86375
13055,8.092351,8.7194395,8.541
13057,8.783,9.421092,9.4005
13059,8.351725,9.078508,9.094
13061,8.167551,8.906278,9.593
13063,8.631624,9.361135,9.2195
13065,7.32465,8.000379,8.319124
13067,9.1459255,9.771596,9.873
13069,7.994075,8.794515,8.999875
13071,8.4279,9.355575,10.21175
13073,8.7202,9.495993,9.221
13075,8.170725,9.077202,9.629499
13077,8.114125,8.896608,8.8335
13079,8.1779995,9.08493,8.879
13081,8.29165,9.265728,9.659624
13083,7.720875,8.348631,8.074625
13085,8.014626,8.484417,8.281
13087,8.478025,9.168596,9.970375
13089,9.03145,9.706233,9.643
13091,8.264151,9.1390705,9.30675
13093,8.24465,9.245127,9.241751
13095,8.49065,9.62557,9.991751
13097,8.502199,9.224949,9.306
13099,8.41225,9.116447,10.077749
13101,7.3334,7.9941306,8.23675
13103,8.09995,8.88664,8.823
13105,7.9628754,8.640648,8.556
13107,8.315374,9.13519,9.55
13109,8.07445,8.955564,9.151751
13111,6.7334,7.173789,7.399
13113,8.30795,9.081068,8.9865
13115,8.4265995,9.016889,9.0895
13117,8.4996,9.131842,9.147
13119,8.01235,8.639444,8.7745
13121,9.075325,9.725728,9.8465
13123,7.1130996,7.605966,7.841
13125,8.3267,9.2364435,8.97375
13127,7.1830993,7.8929033,8.2127495
13129,8.495,9.030657,9.08675
13131,8.5007,9.352794,10.04825
13133,8.14355,8.936959,8.921
13135,8.89385,9.6573,9.658
13137,7.0311995,7.64172,7.6835
13139,8.10485,8.778377,8.7115
13141,8.197975,9.043443,8.895
13143,8.0961,8.718393,8.854
13145,8.07405,8.967252,8.602
13147,8.054875,8.690016,8.7213745
13149,7.9,8.648489,8.532
13151,8.5529995,9.294444,9.114
13153,8.3314,9.293064,8.952
13155,8.154124,9.129534,9.44525
13157,8.393701,9.051454,9.108
13159,8.325225,9.134122,9.018875
13161,8.015249,8.840774,8.91125
13163,8.415925,9.329102,9.02725
13165,8.26365,9.059178,9.137375
13167,8.2466755,9.193383,9.209625
13169,8.192599,9.117518,8.833
13171,8.19,8.98602,8.756
13173,7.6481004,8.464665,8.43225
13175,8.314176,9.215559,9.255876
13177,8.407351,9.441153,9.829
13179,7.84955,8.5781765,8.899625
13181,7.9249754,8.704025,8.6705
13183,7.91545,8.741387,9.103001
13185,7.9697,8.690966,9.27425
13187,7.5577497,7.91096,7.722
13189,8.390825,9.183605,8.862
13191,7.23335,7.9755936,8.22975
13193,8.186675,9.157336,8.892125
13195,8.213775,8.861579,8.956
13197,8.0477495,8.930013,8.932625
13199,7.93405,8.765571,8.5095
13201,8.4721,9.246607,10.071501
13205,8.57895,9.569359,10.334999
13207,8.251699,9.060885,8.96
13209,8.106,9.03076,9.096
13211,8.358126,9.120158,9.075
13213,7.699,8.222911,8.293
13215,8.33135,9.3386755,8.797
13217,8.61265,9.331314,9.208
13219,8.297,9.082563,9.147
13221,8.004576,8.750097,8.8405
13223,8.662,9.254839,9.586
13225,8.234475,9.239357,8.9545
13227,7.671125,8.250029,8.349
13229,7.676175,8.444246,8.772125
13231,8.062525,8.862692,8.6355
13233,8.233099,8.793028,9.07
13235,8.238225,9.147074,9.349375
13237,8.2238,9.108106,8.927
13239,8.07885,8.916698,9.188
13241,6.0931997,6.6157503,6.575
13243,8.147225,8.97934,9.4165
13245,8.8769,9.748294,9.4
13247,8.75075,9.446527,9.43
13249,8.16465,9.048665,9.153375
13251,7.9774246,8.78631,8.872625
13253,8.29955,9.000971,9.628
13255,8.234725,9.045364,8.798
13257,7.312575,7.9054766,7.965375
13259,8.05065,8.925936,9.151
13261,8.277,9.238249,9.55125
13263,7.89635,8.815135,8.492
13265,8.096049,8.836751,8.723
13267,8.0568,8.942858,9.23
13269,8.032351,8.956374,8.666
13271,8.0418,8.9603195,8.961
13273,8.2854,9.241403,9.622499
13275,8.385025,9.268333,10.053875
13277,8.288875,9.237039,9.856625
13279,8.20175,9.05361,9.4375
13281,6.1999497,6.676297,6.863
13283,8.186399,9.07265,9.2915
13285,8.0901,8.9005785,8.619
13287,8.2097,9.205262,9.521
13289,8.12705,9.101909,8.78975
13291,6.4382753,6.9525275,7.056
13293,8.037125,8.871386,8.651
13295,8.071225,8.775941,8.424
13297,8.689525,9.38594,9.43
13299,7.692225,8.328982,8.750875
13301,8.29285,9.110405,8.841
13303,8.254351,9.275218,8.91825
13305,7.7527757,8.485842,8.787
13307,8.1028,8.983805,9.256875
13309,8.0961,9.00593,9.1535
13311,6.7982,7.3836007,7.463
13313,8.2718,8.862913,8.920875
13315,8.153749,9.1125965,9.3967495
13317,7.9612503,8.702357,8.783
13319,8.22115,9.164457,8.7645
13321,8.284175,9.411501,9.881625
16001,7.0082,8.410334,8.16725
16003,4.95355,6.393099,5.9231253
16005,5.0607,6.216494,6.550125
16007,4.240575,5.3925056,4.764
16009,6.8919744,9.392455,7.5631247
16011,4.947075,6.0345936,6.2507496
16013,3.4173748,4.2498455,3.6497498
16015,4.232,4.848118,4.435
16017,8.27655,10.790857,9.48875
16019,4.9903746,6.1788816,6.239875
16021,7.0692,8.872183,8.178
16023,3.7963002,5.002095,4.815
16025,3.81535,5.0225744,4.68675
16027,7.87295,9.534567,9.073
16029,4.179475,5.2862043,4.647625
16031,5.253975,6.1512747,6.80525
16033,3.5248,4.812481,4.52725
16035,5.948225,8.192853,6.680875
16037,3.60415,4.9487343,4.8455
16039,5.07055,6.1024723,5.94275
16041,4.9447,6.337611,6.379625
16043,3.0678248,4.485606,3.554625
16045,6.6319,8.063509,7.8129997
16047,4.6688747,5.6444936,4.83925
16049,5.372075,6.8947344,6.132375
16051,4.697425,5.968325,5.789875
16053,5.6746,6.8460326,7.12825
16055,8.4204,11.065883,9.848249
16057,6.9493,9.172964,7.6169996
16059,4.22765,6.049941,6.3397503
16061,6.2063,7.9150825,6.8797503
16063,4.836,5.979262,6.1355
16065,4.3987503,5.6516533,5.3658752
16067,5.52135,6.5528517,7.19875
16069,6.9974504,8.893094,7.7065
16071,4.9579,6.2041726,6.68
16073,6.2687,6.9899445,7.20375
16075,7.2192,8.82299,8.54125
16077,4.816425,5.9896493,6.2085
16079,7.1291504,9.430117,8.347
16081,3.0444999,3.9456995,3.332
16083,5.564075,6.6036263,7.0945
16085,4.431625,5.909471,5.378125
16087,5.8252,7.3689756,7.0435
17001,7.4782743,8.201917,8.104375
17003,7.9602,8.693805,8.339125
17005,7.975875,8.705549,8.253625
17007,8.184675,9.228773,8.5955
17009,7.48125,8.1541815,8.077
17011,8.176475,9.102028,8.523
17013,7.607525,8.229158,8.174875
17015,7.9581003,8.968724,8.124125
17017,7.67415,8.397772,8.27
17019,7.8481245,8.616649,8.186
17021,8.0877,8.84677,8.626249
17023,8.0826,8.84714,8.4695
17025,8.06085,8.86952,8.335
17027,7.990575,8.7398405,8.262875
17029,8.111025,8.849826,8.378625
17031,8.835125,9.776841,9.455626
17033,8.18275,8.954471,8.6635
17035,8.14215,8.9359665,8.464
17037,8.4235,9.394898,8.787
17039,8.156549,8.984439,8.78875
17041,7.9367995,8.688881,8.29725
17043,9.0055,10.012952,9.962875
17045,7.9285994,8.6797695,8.199
17047,8.0778,8.905717,8.40325
17049,8.19395,8.986979,8.479126
17051,8.033549,8.761154,8.41525
17053,7.8883004,8.665347,8.24275
17055,8.03065,8.796126,8.208875
17057,7.874175,8.687956,8.432125
17059,7.913025,8.714098,8.330626
17061,7.5285006,8.1588,8.1365
17063,8.331125,9.240683,8.70275
17065,7.98975,8.734772,8.2125
17067,7.5709,8.364525,8.06125
17069,7.7961755,8.605431,8.350625
17071,7.64415,8.5503645,8.18025
17073,7.9591246,8.940404,8.3325
17075,7.8786497,8.639306,8.107
17077,7.87175,8.657955,8.070749
17079,8.17555,8.973434,8.511
17081,7.9947495,8.764705,8.1445
17083,7.7432,8.429552,8.244625
17085,7.8053255,8.825694,8.22875
17087,7.898825,8.678604,8.258125
17089,8.74205,9.709093,9.376751
17091,8.192725,9.000359,8.516251
17093,8.80925,9.756487,9.45075
17095,7.9118752,8.816842,8.399875
17097,7.7775,8.865237,8.3435
17099,8.300275,9.236895,8.5895
17101,8.1865,8.954268,8.605749
17103,8.1992,9.138062,8.306
17105,8.077575,8.904085,8.52775
17107,8.175626,8.998158,8.843625
17109,7.6312,8.474584,8.15775
17111,8.171599,9.211924,8.7165
17113,8.16345,9.09308,8.75375
17115,8.44275,9.227065,9.1835
17117,7.8511,8.567528,8.299999
17119,8.2625,9.05434,8.70125
17121,8.0071745,8.784108,8.270125
17123,8.1834,9.085785,8.701
17125,7.91355,8.694242,8.426875
17127,7.9810753,8.826738,8.53575
17129,7.99755,8.6891575,8.55375
17131,7.7270994,8.67926,8.226125
17133,7.4697,8.214826,7.87825
17135,7.93595,8.681504,8.38275
17137,7.6816,8.371686,8.32175
17139,8.167524,8.907065,8.548374
17141,8.2445,9.183105,8.438749
17143,8.351975,9.227761,8.897
17145,7.7541504,8.531149,7.8645
17147,8.000151,8.797293,8.573875
17149,7.41325,8.053011,8.05525
17151,7.8980002,8.676862,8.477
17153,7.912425,8.657511,8.2275
17155,8.1868,9.17731,8.5965
17157,7.505825,8.209755,7.6105003
17159,8.0751,8.945106,8.429251
17161,8.01225,8.97453,8.35425
17163,8.071249,8.87277,8.568125
17165,7.9112,8.721973,8.27125
17167,8.06455,8.856987,8.7675
17169,7.6348,8.311323,8.1445
17171,7.590575,8.1948185,8.198626
17173,8.139925,8.896324,8.48325
17175,8.038549,8.95849,8.4765
17177,7.97985,8.986253,8.06775
17179,8.324725,9.231345,8.811
17181,7.89115,8.661006,8.06975
17183,7.8397,8.636117,8.129
17185,8.169425,8.97395,8.623875
17187,7.7329497,8.664797,8.20775
17189,7.8350754,8.573196,8.01075
17191,8.018801,8.836589,8.309
17193,7.98815,8.83387,8.2305
17195,8.104449,9.068399,8.26575
17197,8.94755,9.826246,9.616875
17199,7.9614997,8.819956,8.24625
17201,8.2408,9.288275,8.5245
17203,8.23415,9.160666,8.745
18001,7.7728996,8.658048,8.19825
18003,7.9914246,8.860657,8.389875
18005,7.5468,8.218018,7.87425
18007,7.80625,8.53257,7.9815
18009,7.705925,8.542238,8.25
18011,8.465651,9.347853,8.66875
18013,7.7043495,8.36109,8.025499
18015,7.9584494,8.741109,8.143
18017,7.7128997,8.589869,8.04
18019,8.743525,9.436282,9.138
18021,8.030175,8.7777,8.4235
18023,8.111825,8.83854,8.4545
18025,7.98385,8.757845,8.39975
18027,8.18545,8.986948,8.72425
18029,8.57545,9.12505,9.047251
18031,7.7845497,8.518403,8.1311245
18033,7.7290497,8.668982,8.29575
18035,7.8208494,8.6158695,8.2715
18037,8.2317505,8.997271,8.784
18039,7.976475,8.852747,8.86175
18041,7.9649,8.656636,8.42075
18043,8.724475,9.520699,9.143126
18045,7.83805,8.634539,8.07
18047,8.1558,8.80141,8.50275
18049,7.6453753,8.510697,8.01325
18051,8.2109,8.994878,8.582001
18053,7.7147994,8.521543,8.094999
18055,7.90335,8.613217,8.356251
18057,8.768476,9.445221,8.884
18059,8.378125,9.133527,8.5905
18061,8.28145,9.105768,8.79525
18063,8.91225,9.666407,9.094
18065,7.85075,8.641999,8.32175
18067,7.6820745,8.454025,8.024625
18069,7.7197,8.608399,8.0975
18071,7.6803255,8.3752165,8.1153755
18073,7.8539495,8.6248255,8.325624
18075,7.8504,8.6438675,8.6005
18077,7.887151,8.60349,8.3245
18079,7.710325,8.417402,8.07825
18081,8.704275,9.320605,8.9905
18083,8.163875,8.9578,8.681875
18085,7.7354994,8.660727,8.2225
18087,7.77305,8.692919,8.533751
18089,8.711625,9.481859,9.5295
18091,7.71605,8.47039,8.18375
18093,7.67425,8.403143,8.2625
18095,7.97835,8.783426,8.23625
18097,9.373876,10.120224,9.5115
18099,7.746526,8.604334,8.285875
18101,8.066549,8.72727,8.543
18103,7.652275,8.501902,7.9376254
18105,7.6940002,8.357142,8.281
18107,8.0562,8.835474,8.225
18109,8.4509,9.15676,8.708
18111,7.8511,8.6447735,7.9968753
18113,7.777425,8.695813,8.393125
18115,8.324125,8.940722,8.948875
18117,7.94435,8.635022,8.3810005
18119,7.9131,8.608838,8.456249
18121,7.91155,8.724531,8.15
18123,8.1625,8.910619,8.7752495
18125,8.220201,8.983539,8.69375
18127,8.0963745,8.845507,8.606874
18129,8.15005,8.965394,8.521
18131,7.6698,8.5109625,8.1188755
18133,8.17685,8.889484,8.4
18135,7.8757997,8.663824,8.65325
18137,7.975875,8.613798,8.391874
18139,7.9307494,8.679099,8.301
18141,8.03845,8.908186,8.787001
18143,7.90205,8.623777,8.2495
18145,8.1557255,8.8756695,8.447
18147,8.222275,9.066239,8.8405
18149,7.6928496,8.490474,8.148
18151,7.69135,8.547463,8.71925
18153,8.101725,8.835073,8.5145
18155,8.0161,8.712687,8.599501
18157,8.116375,8.835932,8.716
18159,7.925,8.681015,8.25725
18161,8.132875,8.823679,8.641251
18163,8.392876,9.200593,8.966
18165,7.8971496,8.724073,8.183
18167,8.032,8.85744,8.5315
18169,7.68995,8.542341,8.064
18171,7.8300004,8.549649,8.088
18173,8.377424,9.157,8.938125
18175,7.981375,8.631312,8.324375
18177,7.9943,8.711311,8.56975
18179,7.7584,8.650665,8.10025
18181,7.90005,8.68581,8.182
18183,7.7498,8.688833,8.16625
19001,6.16415,6.9807444,6.8085
19003,6.2173753,6.991426,6.85525
19005,6.85575,7.85522,7.2772503
19007,6.6692,7.374762,7.04525
19009,6.18515,7.0236473,6.9295
19011,7.30785,8.195273,7.5204997
19013,7.1361747,8.069099,7.400625
19015,6.5509005,7.380246,7.0245
19017,6.885025,7.8674264,7.366
19019,7.257075,8.202249,7.6478753
19021,6.153575,6.9784384,6.68225
19023,6.7625,7.6598763,7.30225
19025,6.2630754,7.1383605,6.80375
19027,6.285975,7.1231184,6.90275
19029,6.121,6.9743257,6.84875
19031,7.74615,8.748358,8.114
19033,6.386525,7.300438,7.1005
19035,6.023825,6.8986015,6.444
19037,6.6945,7.6623826,7.350625
19039,6.34945,7.1100044,6.82
19041,5.896475,6.795475,6.3356247
19043,7.1874,8.192438,7.529375
19045,7.9901,8.9788685,8.1695
19047,6.1381,7.00531,6.86325
19049,6.4389,7.323256,6.915
19051,6.949875,7.657878,7.1881247
19053,6.3937,7.1062965,6.8240004
19055,7.418925,8.446333,7.8345
19057,7.65565,8.515165,8.1
19059,5.7692003,6.687102,6.18375
19061,7.757325,8.804804,8.067375
19063,5.85185,6.786981,6.3563747
19065,7.0510497,7.994771,7.53675
19067,6.5971003,7.4724226,7.29675
19069,6.5841002,7.4571357,7.197
19071,6.38925,7.233185,7.2365
19073,6.39525,7.184376,6.9615
19075,6.8679748,7.7447405,7.248875
19077,6.22775,7.0515456,6.88575
19079,6.55115,7.4380693,7.0185003
19081,6.248375,7.131709,6.893
19083,6.7489753,7.5868845,7.1313753
19085,6.2306,7.0252137,7.0369997
19087,7.4625497,8.333368,7.74
19089,6.495,7.460115,7.2275
19091,6.32405,7.1674147,6.8970003
19093,6.1015997,6.956334,6.6065
19095,7.301425,8.213801,7.54
19097,7.81145,8.80499,8.09375
19099,6.7514,7.607642,7.024
19101,7.197325,8.077123,7.429875
19103,7.7600493,8.732992,8.05575
19105,7.62375,8.6463,7.9275
19107,7.182025,8.062546,7.4305
19109,6.099925,6.9832854,6.666625
19111,7.5414,8.345448,7.9815
19113,7.7858496,8.676666,7.992
19115,7.60095,8.5178585,7.9890003
19117,6.4667,7.2275515,6.8845
19119,5.4863997,6.4294252,6.119
19121,6.2622747,7.0888734,6.84975
19123,7.0044503,7.8366156,7.35275
19125,6.6542253,7.4892488,7.0441246
19127,6.8947,7.6872993,7.1425
19129,6.4999,7.306914,7.278
19131,6.3373003,7.275158,7.23025
19133,6.1015253,6.9226203,6.8378754
19135,6.7926,7.5252256,7.19925
19137,6.197425,7.032365,6.88725
19139,7.690725,8.626387,8.0529995
19141,5.8107996,6.757871,6.309
19143,5.5837502,6.564254,6.011
19145,6.30505,7.111734,7.0065002
19147,6.0042253,6.895997,6.5135
19149,5.974475,6.873189,6.5015
19151,6.13665,7.0256333,6.6935
19153,6.652925,7.5443163,7.0705
19155,6.685525,7.4185762,7.468375
19157,6.9433503,7.822577,7.2337503
19159,6.383625,7.067546,6.93375
19161,6.218375,7.074525,6.757125
19163,7.9667,8.983746,8.302
19165,6.1131,6.98302,6.8807497
19167,5.749,6.7220473,6.374
19169,6.729075,7.539548,7.0625
19171,6.957325,7.8259573,7.238125
19173,6.31995,7.042637,6.922
19175,6.3024,7.0522394,6.886
19177,7.1137,7.8797464,7.439375
19179,7.08225,7.851407,7.427
19181,6.4325995,7.3219576,6.825
19183,7.5336504,8.475954,7.818
19185,6.4821997,7.186822,6.85425
19187,6.447525,7.293222,6.9596252
19189,6.1363,7.0113325,6.8497505
19191,6.6799498,7.7089257,7.30575
19193,6.159575,7.0434647,6.832
19195,6.1524,7.1119947,7.11425
19197,6.4530997,7.325988,6.99975
20001,7.39705,8.23604,8.008
20003,7.1091247,7.9608,7.4885
20005,7.1366754,7.9132705,7.465125
20007,6.5974746,7.2065406,7.086
20009,6.18685,6.770176,6.941
20011,7.0508003,7.772896,7.987
20013,6.79955,7.5996695,7.3862495
20015,7.4089003,8.288277,8.4535
20017,7.1735506,8.0451145,8.142
20019,7.7671,8.63817,8.467
20021,7.8705,8.779261,10.256
20023,5.06305,5.569129,5.536
20025,6.0384,6.5662026,6.434
20027,6.5611253,7.229638,7.294
20029,6.20195,6.8002715,7.1265
20031,7.3705497,8.256068,7.858
20033,6.2572,6.798752,6.585
20035,7.6660995,8.46495,8.518
20037,7.554825,8.255065,9.1755
20039,5.354375,5.63058,5.46975
20041,6.7905746,7.5245667,7.581
20043,6.9734497,7.718787,7.4919996
20045,7.4519753,8.276849,7.611625
20047,6.03965,6.5771117,6.634
20049,7.6266,8.5109415,8.346
20051,5.7094,6.3038683,6.575
20053,6.2444,6.8404875,7.089
20055,6.117025,6.510115,6.589
20057,6.15795,6.623597,6.604
20059,7.202825,8.016629,7.341
20061,6.941475,7.749813,7.55
20063,5.4333124,5.7084293,5.530625
20065,5.383875,5.759754,5.4507504
20067,6.0084505,6.434822,6.3755
20069,6.1176996,6.550041,6.628
20071,5.3155,5.7380266,5.666
20073,7.4331,8.344208,8.166
20075,5.4583,5.911762,5.727
20077,7.1545997,7.807195,7.862
20079,7.24115,7.9492254,8.308
20081,6.293,6.6977615,6.701
20083,5.86175,6.33339,6.461
20085,7.1389494,7.9901032,7.592
20087,7.3378,8.216574,7.620875
20089,5.9698124,6.3749676,6.1746254
20091,7.2609253,8.137808,7.483
20093,5.7726502,6.2000995,6.19
20095,6.8317003,7.4587507,7.64
20097,6.19965,6.7201753,6.764
20099,7.882525,8.639393,9.2095
20101,5.6224504,6.062345,6.077
20103,7.2893,8.138063,7.577875
20105,6.09515,6.6922197,6.954
20107,6.764575,7.569974,7.291
20109,5.3385,5.792188,5.914
20111,7.3549256,8.258679,7.8965
20113,6.8917,7.5148573,7.872
20115,7.0223503,7.772551,8.008
20117,6.6040254,7.3272696,7.4985
20119,6.057975,6.5128593,6.3775
20121,6.7896247,7.540986,7.055
20123,5.94645,6.5782785,6.8485
20125,8.0752,8.935541,8.935
20127,7.096925,7.9265504,7.935
20129,5.3388,5.781264,5.634
20131,6.8116503,7.5904417,7.3737497
20133,7.7363997,8.50091,8.396
20135,5.55425,5.8916755,5.632
20137,5.4302,5.9389734,6.225
20139,7.3719497,8.287657,7.763
20141,5.665,6.2818093,6.489
20143,6.484175,7.0562716,7.2975
20145,6.02415,6.589995,6.6715
20147,5.53575,6.098654,6.416
20149,7.1863,7.99897,7.812
20151,6.5171995,7.051796,7.11
20153,5.1461496,5.616792,5.648
20155,6.8105497,7.484052,7.793
20157,6.0381,6.6651106,6.878
20159,6.4477997,7.088183,7.366
20161,7.093875,7.877426,7.685
20163,5.5271,6.1162953,6.5045
20165,5.750375,6.1539383,5.7877502
20167,5.9557,6.510511,6.8125
20169,6.7874746,7.418599,7.651
20171,5.75535,6.1910667,6.187
20173,7.592025,8.339014,8.6465
20175,6.10785,6.546153,6.5057497
20177,7.6228,8.616658,7.966
20179,5.404625,5.6991577,5.49275
20181,5.15705,5.6393433,5.5585
20183,5.632125,6.209194,6.5465
20185,6.317275,6.910243,7.049
20187,5.3515,5.8226185,5.67775
20189,5.888625,6.3233333,6.26325
20191,7.533,8.272226,8.319
20193,5.28785,5.7241564,5.853
20195,5.3602,5.951972,6.32
20197,7.22045,8.1257305,7.8415
20199,5.1503997,5.6076736,5.536
20201,6.336575,7.025033,7.232
20203,5.5245,5.9828186,5.916
20205,7.89565,8.7013035,8.5205
20207,7.5723495,8.446864,8.131
20209,7.593025,8.478388,7.949625
21001,7.1931505,7.8821855,7.50825
21003,7.1831255,7.912893,7.466875
21005,7.6891503,8.490213,8.29025
21007,7.8973503,8.632162,8.3085
21009,7.3498497,8.049624,7.6887503
21011,7.280925,7.869947,7.68175
21013,7.2766,7.924079,8.382999
21015,8.6198,9.215206,9.304
21017,7.7099504,8.344811,8.257125
21019,7.46095,8.001207,7.733
21021,7.5976996,8.254758,8.02825
21023,7.6031504,8.245911,8.1085
21025,6.963225,7.52205,7.248
21027,7.7807746,8.60615,8.408375
21029,8.422925,9.276422,8.94275
21031,7.5541253,8.325229,7.983
21033,7.677475,8.425412,8.291
21035,7.2452,8.010216,7.8445
21037,8.930901,9.431559,9.502251
21039,7.73915,8.460459,8.28525
21041,7.8719,8.620101,8.36425
21043,6.9122,7.4881897,7.38
21045,7.3167496,7.9656143,7.64275
21047,7.361,8.0669155,7.918
21049,7.7005754,8.35639,8.217625
21051,7.110125,7.693825,7.5707498
21053,6.803525,7.411293,7.158875
21055,7.791275,8.612227,8.481251
21057,6.880725,7.516443,7.243
21059,8.1242,8.987066,8.71225
21061,7.3779,8.197096,7.90825
21063,6.79475,7.3476114,7.31
21065,7.1626,7.8286247,7.5198746
21067,7.917675,8.642844,8.603
21069,7.2934747,7.8994436,7.607875
21071,6.767975,7.326192,7.14725
21073,7.7618003,8.540085,8.44725
21075,7.4084997,8.102847,7.9453745
21077,7.9339247,8.688476,8.459625
21079,7.5333505,8.225218,7.968875
21081,7.608275,8.335291,8.313625
21083,7.6368,8.362051,8.19825
21085,7.4959,8.365161,8.12325
21087,7.36555,8.0672,7.9518747
21089,7.3846498,7.9063354,7.56
21091,8.083601,8.845751,8.648001
21093,7.981775,8.765719,8.574125
21095,6.77855,7.326036,7.388
21097,7.6324997,8.255495,8.09675
21099,7.3845496,8.175825,7.9285
21101,8.2787,9.153789,8.8625
21103,7.8848,8.612043,8.42625
21105,7.5207,8.2480955,8.0285
21107,7.83255,8.574381,8.424
21109,7.2111,7.8618736,7.59275
21111,8.797525,9.617783,9.25425
21113,7.8286004,8.547787,8.44625
21115,6.8361998,7.413101,7.2525
21117,8.82205,9.411337,9.459499
21119,6.75525,7.2816825,7.1
21121,7.272175,7.862649,8.103
21123,7.538975,8.318789,8.152124
21125,7.418625,8.031842,7.9693747
21127,6.8428,7.425031,7.2775
21129,7.0931997,7.680734,7.479
21131,6.8413,7.3994308,7.4175005
21133,6.5607247,7.026564,6.8616247
21135,7.0608253,7.7077775,7.425
21137,7.440175,8.124548,7.762375
21139,7.9365005,8.744622,8.655251
21141,7.38825,8.156029,7.60775
21143,7.5607004,8.365824,8.2395
21145,8.03025,8.8782215,8.63575
21147,6.8807755,7.5068083,7.2842503
21149,8.0012,8.81869,8.5365
21151,7.6169996,8.2655,8.06175
21153,6.808825,7.397237,7.241625
21155,7.5553255,8.248491,8.0735
21157,7.85785,8.649119,8.427
21159,6.8454003,7.3609824,7.2485
21161,7.4613504,8.088915,7.928
21163,8.1837,8.9518,8.69475
21165,7.0253,7.637603,7.4438753
21167,7.6559,8.379783,8.21675
21169,7.1521006,7.8892784,7.538
21171,6.9802246,7.6379914,7.250625
21173,7.460275,8.065882,7.9453754
21175,6.9062996,7.447735,7.284
21177,7.7516,8.473613,8.2425
21179,7.8865495,8.630776,8.41275
21181,7.4668746,8.104646,7.877
21183,7.7580247,8.576441,8.307751
21185,8.205575,9.01268,8.671625
21187,7.6442003,8.393634,8.1885
21189,7.0782,7.672151,7.439625
21191,7.647525,8.300009,8.2295
21193,6.7907248,7.382736,7.204
21195,6.6858497,7.1354356,7.00425
21197,7.3830624,7.8835015,7.3846254
21199,7.2577753,7.914495,7.62475
21201,7.5039496,8.105322,7.92425
21203,7.3313246,7.979975,7.7159996
21205,6.96845,7.5615325,7.2818747
21207,7.151,7.777304,7.50875
21209,7.7911005,8.502173,8.391251
21211,7.9582243,8.743504,8.577
21213,7.413125,8.122631,7.6905
21215,8.0230255,8.855535,8.581625
21217,7.4234,8.099199,7.9335
21219,7.2971497,8.076664,7.7383747
21221,7.1628,7.9403815,7.7927504
21223,7.965725,8.658702,8.438375
21225,7.949725,8.770266,8.424875
21227,7.59645,8.357083,7.9560003
21229,7.6190248,8.370099,8.13525
21231,6.86055,7.4950776,7.2054996
21233,7.9206495,8.738767,8.407125
21235,7.3346,7.8980036,8.022751
21237,6.969175,7.5588393,7.313375
21239,7.801275,8.575872,8.48875
22001,7.54045,8.201131,8.02625
22003,7.40375,8.049304,8.01725
22005,8.14045,8.880175,8.492499
22007,7.496875,8.193054,7.8706245
22009,7.3806,8.008009,7.835
22011,7.7702994,8.309029,8.372
22013,8.22245,8.79595,8.899
22015,9.099475,9.6023035,9.4755
22017,9.0989,9.608899,9.448125
22019,7.922925,8.604144,8.369875
22021,7.50175,8.101191,7.965
22023,7.217925,7.739278,7.839875
22025,7.3057504,7.907045,7.526
22027,8.263825,8.809154,8.835
22029,7.3983254,7.913327,7.677
22031,8.3868,8.937716,8.841
22033,8.5541,9.258698,8.959375
22035,7.67705,8.194967,7.8545
22037,7.6509004,8.233905,7.9554996
22039,7.5137253,8.126271,8.042625
22041,7.5178003,8.033878,7.93075
22043,7.7011003,8.311126,8.21875
22045,7.6084,8.133474,8.174999
22047,8.0251,8.67625,8.4155
22049,7.9902,8.561784,8.622
22051,7.79945,8.380632,8.106
22053,7.4155746,8.049698,7.8407497
22055,8.023676,8.668063,8.475
22057,7.3464994,7.9334464,7.6335
22059,7.4468,8.021708,7.79
22061,8.264524,8.815842,9.007
22063,8.139625,8.830994,8.55425
22065,7.6623993,8.2435,8.002
22067,7.8735504,8.44776,8.1955
22069,8.03385,8.627695,8.512
22071,7.7598,8.384758,7.99325
22073,8.08685,8.688185,8.5
22075,6.71335,7.2942276,6.9379997
22077,7.5274,8.195386,8.064
22079,7.7179003,8.3498745,8.12875
22081,8.489375,9.033615,9.207
22083,7.6542,8.222841,7.89475
22085,7.9377,8.519893,8.34525
22087,7.5090003,8.07373,7.743875
22089,7.77785,8.414816,8.04375
22091,7.48665,8.12184,7.807
22093,7.83145,8.484552,8.203501
22095,7.73445,8.460331,8.03675
22097,7.588475,8.189899,8.12975
22099,7.6386504,8.286912,8.1835
22101,7.1838503,7.754518,7.6017504
22103,7.64725,8.322007,7.9422503
22105,7.6435995,8.308606,8.004
22107,7.4226503,8.000997,7.719
22109,7.2002,7.742677,7.5295
22111,8.169825,8.739835,8.886
22113,7.532075,8.106403,7.9646254
22115,7.6898003,8.266766,8.255125
22117,7.6889496,8.418084,7.9045
22119,8.4234495,9.018178,9.02
22121,8.35125,9.053656,8.788
22123,7.64915,8.209991,7.893
22125,7.76025,8.471073,7.8754997
22127,7.7105246,8.336431,8.3445
23001,5.23415,5.9323406,5.378
23003,4.3181753,4.934636,4.783375
23005,5.724075,6.330791,6.518
23007,4.4531503,5.082822,4.894375
23009,3.5929248,4.166198,3.9617498
23011,4.9454503,5.7254267,5.3725
23013,4.32285,4.958457,4.5795
23015,4.66475,5.462072,4.97
23017,4.7087502,5.281412,5.10875
23019,4.1077247,4.72115,4.5629997
23021,4.06235,4.6669497,4.696125
23023,5.1737,5.9494023,5.7085
23025,4.5022497,5.234761,5.06575
23027,4.15225,4.8738,4.425625
23029,3.66885,4.057094,4.1425
23031,5.386025,5.9960337,5.7725
24001,6.1329503,6.5453935,6.434
24003,6.832525,7.47555,7.308625
24005,7.1925,7.898092,7.6514997
24009,6.2452497,6.7814536,6.729
24011,6.18605,6.7711287,6.54475
24013,7.1933746,7.9546633,7.6875
24015,6.8546996,7.6458178,7.2477503
24017,6.7836,7.361547,7.168625
24019,5.938225,6.4997277,6.458375
24021,7.07575,7.8710427,7.4577503
24023,5.76175,6.20496,6.1585
24025,6.9110503,7.709658,7.338
24027,7.143625,7.806517,7.73125
24029,6.1612,6.849977,6.51075
24031,7.28485,7.9104433,7.852
24033,7.0838,7.733899,7.3606253
24035,6.1682,6.7803583,6.528125
24037,6.22125,6.7497606,6.7287498
24039,5.9544,6.500483,6.379
24041,6.072725,6.605134,6.53625
24043,6.994325,7.8611326,7.427
24045,6.23875,6.807952,6.561
24047,6.202325,6.6454964,6.494
24510,7.2564497,7.975413,7.75275
25001,5.03485,5.645513,5.23125
25003,5.7333,6.4589567,6.1155
25005,5.5508,6.4094725,6.08325
25007,4.9084,5.517155,5.14775
25009,5.603025,6.272406,5.9247503
25011,5.6460505,6.50315,6.532
25013,6.1075,7.0415545,6.7442503
25015,5.8199,6.715126,6.38525
25017,6.1486998,6.7988105,6.49475
25019,4.79335,5.3123627,5.031
25021,6.383825,7.0809846,6.744875
25023,5.934175,6.5926642,6.244375
25025,6.3389254,7.036274,6.9797497
25027,6.15805,6.719803,6.81075
26001,5.6165,6.386889,6.2074995
26003,4.5166,5.3012986,4.75025
26005,7.1248503,8.172073,7.664
26007,5.78385,6.452283,6.3397503
26009,5.9363,6.732437,6.82225
26011,5.96385,6.8094177,6.7180004
26013,4.102875,4.904164,4.502125
26015,7.4873505,8.532663,8.378375
26017,6.226125,7.146016,7.106625
26019,5.6595,6.519941,6.2182503
26021,7.3273497,8.330622,7.8968754
26023,7.681225,8.5315075,8.811501
26025,7.655075,8.571989,8.54775
26027,7.83105,8.73888,8.816999
26029,5.8091,6.567988,6.64425
26031,5.5728,6.3401713,6.2609997
26033,5.350875,6.017723,5.9678745
26035,6.4323997,7.2225313,7.626
26037,7.292375,8.217207,8.33325
26039,6.1516,6.9023056,7.219
26041,5.06395,5.9935007,5.449
26043,4.7628503,5.690136,5.11075
26045,7.4701004,8.429391,8.4495
26047,5.728625,6.464708,6.5264997
26049,7.09905,7.9757967,8.128125
26051,6.2664003,7.088308,7.374625
26053,4.2363,5.0930223,4.635875
26055,6.191775,6.959526,7.0266247
26057,6.7076006,7.6737366,7.680625
26059,7.5514746,8.440199,8.451
26061,4.0734,4.776916,4.611125
26063,6.176775,6.9653335,6.813125
26065,7.51085,8.473054,8.408375
26067,7.2041254,8.277892,8.1635
26069,5.7862253,6.5860076,6.5377502
26071,4.35185,5.2616434,4.684
26073,6.689,7.515882,7.8442497
26075,7.6783004,8.540149,8.66375
26077,7.7352,8.730225,8.601999
26079,6.18265,6.933619,7.241375
26081,7.6455245,8.71871,8.275
26083,3.7640998,4.4057817,4.4685
26085,6.032075,6.8763556,6.82475
26087,7.04805,7.978906,8.12675
26089,5.430625,6.4043875,5.9211254
26091,7.7265997,8.623476,8.1665
26093,7.7823,8.701884,8.532375
26095,4.673475,5.4117556,5.1137495
26097,5.19665,5.966169,5.7042503
26099,8.501525,9.466864,9.003125
26101,5.7585998,6.5942726,6.4058747
26103,4.65765,5.3942633,4.826
26105,5.9582,6.7740107,6.49925
26107,6.4476,7.3763313,7.40575
26109,5.2738504,6.300681,5.603
26111,6.4817,7.357469,7.19925
26113,6.4191003,7.1805735,7.5955
26115,8.098399,9.050339,8.492
26117,6.8175497,7.873862,7.8613753
26119,5.7136,6.4567895,6.4755
26121,6.600075,7.565135,7.0411253
26123,6.5605,7.526143,7.3935
26125,8.460125,9.490379,8.866125
26127,6.106675,6.995898,6.704625
26129,5.994075,6.8093424,7.147375
26131,3.971775,4.745226,4.39225
26133,6.372325,7.1616883,7.5012503
26135,5.8359003,6.5656548,6.7885
26137,5.9513,6.6943235,6.884
26139,7.05785,8.097131,7.4674997
26141,5.47115,6.2084413,5.91175
26143,6.29475,7.042427,7.5165
26145,6.51295,7.4720078,7.3027496
26147,7.639125,8.436522,8.36425
26149,7.7618246,8.705462,8.850375
26151,6.656475,7.4264297,7.2889996
26153,4.775525,5.7217913,5.221
26155,7.0362253,7.9913125,7.92275
26157,6.428975,7.267289,7.2077503
26159,7.1257997,8.103655,7.6725
26161,8.167125,9.104265,8.576625
26163,8.976,9.9567995,9.412
26165,6.234425,6.986209,7.296625
27001,3.96175,5.056503,4.571375
27003,6.261325,7.42805,6.89575
27005,5.5864496,6.650715,8.2525
27007,5.53855,6.552497,6.7795
27009,5.5549498,6.715084,6.34
27011,5.4761,6.5331907,6.187
27013,6.132425,7.0783057,6.76925
27015,5.716,6.7042694,6.074
27017,3.49225,4.418214,4.268
27019,6.04475,7.085295,6.4440002
27021,4.78,5.8572335,6.088
27023,5.457975,6.5181947,5.928
27025,5.5284247,6.6469483,6.0575
27027,6.207675,7.260156,6.9275
27029,5.42875,6.4924126,6.85
27031,3.454425,4.17872,3.8313751
27033,5.478325,6.44767,5.813125
27035,4.8128996,5.784117,5.6
27037,6.515025,7.6301928,6.92275
27039,6.2662497,7.185029,7.12125
27041,5.60395,6.616861,6.688
27043,5.9332747,6.891983,6.572125
27045,6.488275,7.4536757,7.3258753
27047,6.0556,7.0152144,7.010125
27049,6.492675,7.365979,6.882375
27051,5.6106253,6.6047187,6.7655
27053,6.6492004,7.7725115,7.3435
27055,6.69655,7.7772484,7.1897497
27057,5.21715,6.3444533,7.31
27059,5.460025,6.569228,5.9119997
27061,4.340375,5.4106,5.03275
27063,5.6426,6.576876,6.034
27065,4.646675,5.7222986,5.080375
27067,5.51335,6.584357,5.9015
27069,5.8174,6.4998827,6.3065
27071,4.470825,5.34681,4.840375
27073,5.3649497,6.383021,5.8215
27075,3.7681499,4.7139387,4.48375
27077,4.995725,5.8222065,5.421625
27079,6.03415,6.998011,6.51725
27081,4.8395247,5.8330445,5.3445
27083,5.1602,6.224414,5.50275
27085,5.5700502,6.6278663,5.9
27087,5.4832253,6.551352,7.2305
27089,5.7448497,6.535961,6.272
27091,5.88435,6.818405,6.399
27093,5.5155997,6.5785537,6.139875
27095,5.0062,5.989198,5.53725
27097,5.1572504,6.180167,5.90975
27099,6.22535,7.139489,7.3794994
27101,5.1282,6.141017,5.536
27103,6.061,7.0042014,6.6405
27105,5.426375,6.3838377,5.9425
27107,5.6475,6.7316637,6.729
27109,6.51305,7.4965477,7.3444996
27111,5.56185,6.6368575,7.338
27113,5.6063,6.5532103,6.283
27115,4.301075,5.3388715,4.918625
27117,4.8671002,5.8784556,5.512
27119,5.8606,6.8367004,6.625
27121,5.5577497,6.5838585,6.256
27123,6.6959,7.8668,7.38025
27125,5.5657754,6.601384,6.4145
27127,5.4486747,6.4228544,5.79
27129,5.49485,6.5139284,5.9145
27131,6.3463,7.3273973,7.1417503
27133,5.17275,6.1381316,5.87
27135,5.5598,6.3293734,6.0160003
27137,4.135775,5.163497,4.6540003
27139,6.148925,7.25819,6.394875
27141,5.8416,7.0692697,6.3652496
27143,5.716625,6.6924605,6.1086254
27145,5.7495,6.862474,6.60625
27147,6.115725,7.100628,6.9161253
27149,5.5862503,6.6282015,6.288
27151,5.5051,6.5710425,6.0305
27153,5.3461,6.3797364,6.244
27155,5.537775,6.564167,6.442
27157,6.405075,7.423213,6.981625
27159,5.2383,6.291629,6.823
27161,6.0435,7.0138903,6.75625
27163,6.448475,7.5317216,7.0332503
27165,5.7335997,6.715619,6.1225
27167,5.692025,6.762882,6.8695
27169,6.743875,7.7707076,7.541125
27171,5.8004503,6.979347,6.31
27173,5.2384253,6.274382,5.640625
28001,7.4095497,7.9550843,7.722
28003,7.0740747,7.685361,7.6685
28005,7.44805,8.056424,7.73425
28007,7.794275,8.420176,8.38125
28009,7.371475,7.9580436,7.8965
28011,7.6312,8.344789,8.1785
28013,7.6133003,8.193368,8.349
28015,7.6286993,8.194471,8.1465
28017,7.85805,8.481496,8.65625
28019,7.7666,8.375692,8.5015
28021,7.58305,8.15663,7.8877497
28023,7.8391747,8.432174,8.422125
28025,8.18645,8.761075,9.071
28027,7.6169996,8.272263,8.109
28029,7.8920755,8.645628,8.0460005
28031,8.2955,9.056562,8.47025
28033,8.19045,8.820814,8.674
28035,8.4198,9.212955,8.707
28037,7.3630996,7.974139,7.7037497
28039,8.00115,8.604941,8.3654995
28041,8.097626,8.764833,8.2355
28043,7.70205,8.25038,8.303
28045,7.4819245,8.169867,8.068874
28047,7.9663496,8.611674,8.636126
28049,8.715925,9.575579,9.149
28051,7.7355003,8.353014,8.202
28053,7.7759004,8.424934,8.071
28055,7.75265,8.264036,8.084
28057,7.430051,8.040492,8.20775
28059,7.9877253,8.583661,8.5735
28061,8.18685,8.884237,8.4265
28063,7.4084,7.9775124,7.706
28065,8.090151,8.805962,8.255125
28067,8.4403,9.163889,8.7295
28069,7.85605,8.373278,8.588875
28071,7.619925,8.241603,8.3
28073,8.13225,8.850022,8.5035
28075,8.05685,8.615082,8.766
28077,7.9442496,8.653761,8.09225
28079,8.066075,8.7869215,8.57
28081,7.9695,8.551808,8.816
28083,7.7405252,8.346057,8.341
28085,7.934275,8.562289,8.134125
28087,8.158251,8.772908,9.0895
28089,8.77635,9.53953,9.104876
28091,7.9647,8.661234,8.246
28093,7.44515,8.057084,7.9325
28095,7.91475,8.536973,8.74825
28097,7.5964,8.192453,8.245
28099,8.314025,8.933246,8.858749
28101,8.11535,8.781665,8.57
28103,7.96375,8.50805,8.66175
28105,8.069975,8.724923,8.9275
28107,7.6321745,8.259954,8.2235
28109,7.769525,8.502826,8.145875
28111,8.10405,8.764071,8.504
28113,7.777275,8.407101,7.9515
28115,7.8671503,8.497699,8.712125
28117,7.3502502,7.9626503,7.975
28119,7.6515493,8.2762985,8.165
28121,8.589575,9.483872,8.987375
28123,8.202875,8.99223,8.57
28125,7.763025,8.305543,8.0645
28127,8.12025,8.904578,8.312
28129,8.0998,8.940198,8.467
28131,7.9943495,8.635822,8.35725
28133,7.7657,8.396677,8.223
28135,7.62005,8.218755,8.154
28137,7.7335997,8.347542,8.135
28139,7.2654505,7.8953543,7.8605
28141,6.84495,7.4367685,7.538
28143,7.7464247,8.364835,8.106
28145,7.7101746,8.278014,8.44
28147,7.7593,8.431053,8.0215
28149,7.8532,8.52452,8.104
28151,7.83805,8.43078,8.358
28153,7.889125,8.545998,8.44
28155,7.6614504,8.244628,8.429
28157,7.2186003,7.8328385,7.66725
28159,7.915,8.543137,8.6695
28161,7.5929747,8.176782,8.339
28163,7.93065,8.622168,8.2735
29001,6.90875,7.493827,7.24825
29003,6.834475,7.5644865,7.4641247
29005,6.4846253,7.3164034,7.140625
29007,7.15405,7.7369537,7.70675
29009,7.4525247,7.9892626,8.153
29011,7.11305,7.813716,8.213
29013,6.524175,7.215889,6.893
29015,6.4801245,7.044053,6.76025
29017,7.46725,8.077394,7.667
29019,7.2657,7.8154707,7.8569994
29021,7.12375,7.8365364,7.7130003
29023,7.6038003,8.177405,7.8302507
29025,6.314,6.9841437,6.7139997
29027,7.0845003,7.6210604,7.6375
29029,6.7416506,7.266513,7.0705
29031,8.231226,8.8645935,8.431126
29033,6.3348,6.9401155,6.56175
29035,6.734375,7.306676,7.2974997
29037,6.5978,7.380812,6.912
29039,6.598625,7.218692,7.1995
29041,6.5906997,7.1831903,6.9902496
29043,7.386325,7.891322,7.680875
29045,7.2562995,8.012639,7.68925
29047,7.2778497,8.020416,7.527
29049,6.579175,7.3171244,6.968875
29051,7.1169252,7.6635146,7.6534996
29053,6.8500504,7.383937,7.30375
29055,6.6453247,7.1360483,7.209125
29057,6.8832,7.490873,7.6185
29059,6.64075,7.186864,6.8877497
29061,6.41055,7.124363,6.818625
29063,6.6111503,7.3297014,7.1165
29065,6.5109253,6.9929376,7.00675
29067,6.8038497,7.3389487,7.16975
29069,7.689275,8.308034,8.054875
29071,7.075225,7.69534,7.5144997
29073,6.84485,7.3416,7.3412504
29075,6.539775,7.2093635,7.056625
29077,7.3894997,7.9170647,7.799
29079,6.4764504,7.145729,6.8866253
29081,6.4550004,7.127884,6.93325
29083,6.47295,7.039492,6.71
29085,6.460775,7.0532584,6.7492504
29087,6.7223,7.4815483,7.319
29089,6.7887497,7.359483,7.26025
29091,7.0031753,7.509282,7.5875006
29093,6.669675,7.170625,7.1745005
29095,7.4196253,8.188293,7.856
29097,7.99625,8.642744,9.957
29099,7.3642755,8.063047,7.7122498
29101,6.4787498,7.042441,6.6685
29103,7.031825,7.6382713,7.466625
29105,6.6980247,7.2250586,7.126375
29107,6.43425,7.0236716,6.6345
29109,7.3722,7.862384,8.054
29111,7.2718496,7.9993944,7.8866253
29113,7.467,8.134692,8.051001
29115,6.5729003,7.1770697,7.0455003
29117,6.4375496,7.065262,6.89825
29119,7.987275,8.643113,9.544
29121,6.9266,7.45765,7.499
29123,6.9614754,7.5443435,7.3665
29125,6.7724504,7.278348,7.2782497
29127,7.4316,8.069372,8.139999
29129,6.456075,7.1338835,6.888875
29131,6.8711996,7.429705,7.276
29133,7.87285,8.550459,8.4265
29135,7.0035996,7.4860635,7.439
29137,7.08115,7.6584344,7.7445
29139,7.0740995,7.6509047,7.66875
29141,6.7450995,7.2728014,7.1359997
29143,7.6813498,8.335563,8.102625
29145,7.9234247,8.618823,9.815
29147,6.5538,7.2513666,7.1602497
29149,6.9462996,7.518567,7.4985
29151,6.8851,7.369489,7.45575
29153,6.92005,7.4785333,7.36775
29155,7.446325,8.032791,7.825875
29157,7.5573997,8.251519,7.70925
29159,6.62655,7.1637163,6.96525
29161,6.7163,7.202386,7.2174997
29163,7.30365,7.9237404,7.925
29165,7.3981752,8.259768,7.704
29167,6.95225,7.533319,7.0195
29169,6.6433997,7.1914773,7.13125
29171,6.6634,7.301383,7.05225
29173,7.32465,7.926979,8.08475
29175,6.89655,7.484169,7.4585
29177,6.3621254,6.9894767,6.548375
29179,6.50485,7.033676,7.090875
29181,7.2245255,7.83019,7.553625
29183,8.112326,8.892199,8.51025
29185,6.4240503,7.0292573,6.848
29186,7.28465,7.979413,7.5074997
29187,6.936225,7.581085,7.1532497
29189,8.0945,8.950038,8.594
29195,6.55375,7.0842133,6.8965
29197,6.9167504,7.5390577,7.2115
29199,7.042325,7.7182665,7.390875
29201,8.092375,8.778999,8.496125
29203,6.4851503,7.0655556,7.015375
29205,7.0737,7.6629057,7.69925
29207,7.8563004,8.468672,8.250626
29209,7.507125,8.03533,7.52725
29211,6.59855,7.27219,6.9985
29213,7.21575,7.783272,7.51025
29215,6.939125,7.273389,7.21775
29217,6.8630753,7.5183477,7.6075
29219,7.3956003,8.062464,7.87925
29221,6.5975,7.1768694,6.9887505
29223,6.9334,7.5383453,7.3859997
29225,6.719075,7.337316,7.1296253
29227,6.43685,7.1054473,7.0135
29229,6.6677256,7.2176833,7.1071253
29510,8.241975,9.097956,8.678625
30001,3.9938,5.3474994,5.4542503
30003,4.40695,5.7326765,4.9115
30005,4.1562,5.1976013,4.6019998
30007,4.0984497,5.576707,4.6082497
30009,3.77115,4.953606,4.158
30011,4.34495,5.3691,5.127
30013,4.47985,5.676066,4.92
30015,4.25635,5.361129,4.81975
30017,4.6023498,5.6950574,5.2935
30019,4.55965,5.3576517,4.89825
30021,4.2248,5.1644545,4.597
30023,4.1818,5.950376,5.28575
30025,4.2929,5.204485,4.811
30027,3.6429,4.996243,3.9989998
30029,6.905075,8.777606,8.647249
30031,3.970625,5.1757684,4.524
30033,4.18465,5.240075,4.5615
30035,4.86835,6.0714397,6.098875
30037,3.8998501,5.2027526,4.351
30039,4.297625,5.3360415,4.61225
30041,4.5277,5.451807,5.1066246
30043,4.15915,5.8372827,5.0474997
30045,3.43035,4.75464,3.751
30047,6.4728,8.174769,7.401125
30049,4.380825,5.7604504,4.784
30051,4.6584,5.5584483,5.5775003
30053,7.929525,10.1534815,9.309
30055,4.2332,5.1824026,4.6775
30057,3.5260003,4.9288893,4.545125
30059,3.5272,4.9301696,3.836
30061,6.178625,8.247423,7.0670004
30063,6.001725,7.9263906,6.785375
30065,4.3583746,5.5607734,4.9675
30067,3.10355,4.341422,3.505375
30069,3.97465,5.222175,4.426
30071,4.06375,5.2252274,4.5839996
30073,4.598925,5.734868,5.47125
30075,4.50985,5.9340506,5.471
30077,4.3044996,5.846274,4.792
30079,4.2938,5.2900925,4.724
30081,4.7289,6.7976775,5.493
30083,4.029875,5.1234827,4.459625
30085,4.3281503,5.2511578,4.729
30087,4.7181,5.9932737,5.2765
30089,6.9614,9.24333,8.3445
30091,4.5037,5.357772,4.786
30093,4.52035,6.4677343,5.8225
30095,3.9221501,4.9639635,4.443
30097,3.463,4.7366195,3.739
30099,4.2634497,5.5174913,4.9145
30101,4.86035,5.8351545,5.8222504
30103,4.76265,5.967543,5.305
30105,4.3842497,5.2965994,4.8195
30107,3.6069999,4.919116,3.8820002
30109,4.0452,4.9775095,4.353
30111,5.4345,6.6845217,6.2445
31001,5.7797003,6.400902,6.658
31003,5.2511,5.981546,5.957
31005,4.2997503,4.902394,4.633
31007,3.803,4.552887,4.115
31009,4.5453,5.1338806,5.14
31011,5.4569,6.1554413,6.251
31013,3.9417,4.567206,4.218
31015,4.6355,5.293856,5.135
31017,4.38615,4.9736648,4.907
31019,5.7087502,6.24105,6.618
31021,6.1276503,6.9510736,6.833
31023,5.9227996,6.7313423,6.718
31025,6.618325,7.410464,7.3292503
31027,5.399975,6.2943068,6.105
31029,4.9534,5.452424,5.331
31031,3.8867002,4.5455422,4.263
31033,4.34795,4.9766803,4.627
31035,5.7788,6.4172506,6.6455
31037,5.95465,6.7669706,6.547
31039,6.02645,6.8771043,6.69
31041,5.0306997,5.596147,5.648
31043,6.176975,7.021373,6.844
31045,3.55555,4.3266897,3.8655
31047,5.36185,5.9156337,6.065
31049,4.6068,5.1560674,4.979
31051,5.6852,6.5850167,6.4075
31053,6.4133005,7.1405296,7.1935
31055,6.8595505,7.6471815,7.586375
31057,5.01135,5.499812,5.412
31059,5.867725,6.535205,6.739
31061,5.5779,6.130202,6.4045
31063,5.15925,5.6787224,5.803
31065,5.3985,5.939231,6.233
31067,6.38235,7.0718064,7.622
31069,4.2041,4.8055177,4.464
31071,4.85405,5.523155,5.613
31073,5.40825,5.936654,6.175
31075,4.0661,4.6993995,4.441
31077,5.248,5.914304,6.021
31079,5.706675,6.3721704,6.528
31081,5.7496004,6.4187803,6.568
31083,5.5453005,6.09939,6.406
31085,4.99145,5.512163,5.497
31087,5.14985,5.630086,5.703
31089,4.8139,5.454461,5.4365
31091,4.25235,4.8316755,4.706
31093,5.481575,6.1101046,6.33
31095,6.1828,6.870929,7.283
31097,6.3984747,7.174447,7.1995
31099,5.67085,6.245838,6.565
31101,4.7655997,5.2842536,5.147
31103,4.26315,4.884869,4.762
31105,3.9686,4.720325,4.342
31107,5.13135,5.9201837,5.727
31109,6.561,7.321971,7.324
31111,5.014075,5.5230503,5.465
31113,4.59955,5.1878915,5.141
31115,4.69145,5.3189726,5.308
31117,4.516,5.0814977,4.987
31119,5.6466,6.434704,6.296
31121,5.6759,6.3728294,6.503
31123,4.198,4.853611,4.495
31125,5.55005,6.2870665,6.293
31127,6.554925,7.320262,7.2782497
31129,5.8018003,6.4080877,6.7125
31131,6.49825,7.261197,7.2664995
31133,6.4364,7.2301764,7.149
31135,4.8592997,5.373009,5.266
31137,5.6225996,6.178561,6.418
31139,5.4511,6.2709374,6.126
31141,5.949675,6.6936316,6.613
31143,5.767125,6.5587797,6.5165
31145,5.31975,5.7886987,5.991
31147,6.6621003,7.4405212,7.2695003
31149,4.539,5.143206,5.128
31151,6.012775,6.8012886,7.032
31153,6.8396006,7.683436,7.5262504
31155,6.3971,7.177789,7.165
31157,3.9759998,4.755891,4.3135
31159,6.03655,6.799085,6.901
31161,3.804175,4.468606,4.1175
31163,5.3345003,5.901992,6.1
31165,3.4213002,4.1605225,3.729
31167,5.7852,6.6150274,6.352
31169,5.92375,6.595523,6.8475
31171,4.36135,4.9678717,4.896
31173,6.001675,6.8932734,6.6285
31175,5.165825,5.7629743,5.9525
31177,6.4309998,7.2071214,7.207
31179,5.7443247,6.609173,6.3875
31181,5.651825,6.2538996,6.5195
31183,5.08125,5.754496,5.789
31185,5.79575,6.548388,6.64
32001,4.88265,6.7509184,5.09
32003,5.89525,6.603878,6.65975
32005,4.3475504,7.325391,4.7635
32007,4.1819496,5.085191,4.5962496
32009,4.12855,5.662324,4.58325
32011,3.7744,4.6757445,4.028
32013,4.580125,5.7224264,4.9300003
32015,3.7122502,4.3923836,3.9095001
32017,4.04675,4.568462,4.17625
32019,4.7661753,7.480909,5.324875
32021,4.1555,6.2233567,4.5827503
32023,4.36205,5.1656065,5.1747503
32027,4.4016,5.8408546,4.58425
32029,5.21105,7.7205596,5.7510004
32031,5.472925,7.8908296,6.1208754
32033,3.77705,4.4281588,4.08925
32510,4.567425,7.4615846,5.156625
33001,4.493875,5.095899,4.940125
33003,4.55355,5.1208434,5.0247498
33005,5.0453997,5.7356515,5.81775
33007,4.2816,4.782283,4.6480002
33009,4.5582,5.1020727,5.1029997
33011,4.84145,5.4570923,5.4680004
33013,4.628125,5.189805,5.229
33015,5.1828,5.865791,5.679
33017,5.2041,5.7847056,5.5462503
33019,4.876075,5.463151,5.62525
34001,6.01945,6.7529235,6.34975
34003,7.3643503,8.289833,7.906
34005,7.27975,8.144649,7.753
34007,7.4776,8.326902,7.772
34009,6.12115,6.7122703,6.57275
34011,6.5045,7.1864724,6.98975
34013,7.5179253,8.36743,7.799
34015,7.2102995,8.091912,7.56975
34017,7.561525,8.537295,7.894
34019,6.894375,7.964509,7.2695
34021,7.1219,8.033216,7.745
34023,6.9843497,7.9582114,7.3985
34025,6.378775,7.3451233,6.972
34027,6.753975,7.6180267,6.9298754
34029,6.0629,6.879838,6.669
34031,7.194875,8.063152,7.6285
34033,6.9829254,7.763753,7.279875
34035,6.8949,7.901103,7.2245
34037,6.339625,7.2303405,6.64725
34039,7.3635244,8.263972,7.7505
34041,6.82245,7.952403,7.2525
35001,6.02515,6.637938,6.9298754
35003,3.7655,4.0351114,4.012
35005,5.6439004,5.898416,5.8885
35006,4.04275,4.3835382,4.585
35007,3.8934002,4.327844,4.3412504
35009,5.41215,5.690186,5.8616247
35011,4.4873495,4.876433,4.67875
35013,5.2820997,6.041067,5.534
35015,6.249475,6.4908204,6.689
35017,4.3287497,4.615918,4.56475
35019,4.1203504,4.4832263,4.334
35021,4.1204004,4.5674834,4.4752502
35023,4.544,4.778691,4.746125
35025,6.07435,6.5425787,6.9645
35027,4.1647997,4.5164156,4.296
35028,3.696775,4.116971,4.3175
35029,4.776025,5.1098237,4.999125
35031,4.151675,4.4557786,4.4472504
35033,3.777625,3.9818234,4.12225
35035,4.774025,4.998126,4.933
35037,4.51545,4.915696,4.83125
35039,3.8938,4.32495,4.423
35041,5.23465,5.498498,5.6674995
35043,5.4899,5.645705,6.0945
35045,5.238825,5.6143994,5.4895
35047,3.8132,4.284468,4.224
35049,3.9991748,4.4038887,4.899
35051,4.1901503,4.595102,4.3015
35053,4.168025,4.482131,4.58025
35055,3.9692502,4.4712396,4.441875
35057,4.117125,4.506823,4.381
35059,4.1483502,4.57784,4.46775
35061,5.185175,5.671057,6.0795
36001,6.4213,7.2055674,7.04525
36003,5.510975,6.219357,5.8605003
36005,7.3803496,8.48704,7.838
36007,6.0683002,6.810163,6.6295004
36009,5.7586503,6.5502906,5.997
36011,5.7075,6.441571,6.163
36013,6.13105,6.955043,6.33325
36015,5.734325,6.444285,6.1272497
36017,5.583025,6.352786,6.26275
36019,5.383025,6.028366,5.92925
36021,5.9940004,6.776277,6.2895
36023,5.5727,6.3140593,6.264
36025,5.25825,6.025846,5.539625
36027,6.4329004,7.2535505,6.595125
36029,6.8498,7.5880537,7.1545
36031,4.915575,5.5255203,5.4731255
36033,4.8525248,5.665519,5.25525
36035,5.65075,6.3966947,6.3702497
36037,6.00605,6.857785,6.3397503
36039,5.84265,6.499185,6.25975
36041,4.751125,5.377694,5.2915
36043,5.630225,6.289751,6.2887497
36045,5.4373,6.1336374,5.84375
36047,7.379275,8.35874,7.6185
36049,5.0844,5.7452774,5.6335
36051,5.674425,6.4121757,6.01
36053,5.5367746,6.2325583,6.1098747
36055,5.89255,6.814438,6.032
36057,5.864925,6.6444063,6.5045
36059,6.525275,7.578695,6.746125
36061,7.541125,8.561551,7.899
36063,6.9493,7.7006416,7.187
36065,5.676225,6.3686547,6.2997503
36067,5.742425,6.487462,6.2065
36069,5.70885,6.4761024,5.97575
36071,6.48675,7.3255143,6.70875
36073,6.011625,6.8384714,6.2557497
36075,5.50215,6.289048,6.098125
36077,5.43205,6.1595526,5.97825
36079,6.4756002,7.5187645,6.719
36081,7.13555,8.168839,7.352
36083,6.347275,7.0669136,6.830625
36085,7.3343496,8.30525,7.6615
36087,6.79755,7.823373,7.007
36089,5.6134,6.415628,6.22575
36091,6.32075,7.1477194,6.8255
36093,6.3417,7.203028,6.8120003
36095,5.4475756,6.136122,5.9596252
36097,5.5705004,6.265434,6.013
36099,5.7569747,6.5096993,6.15275
36101,5.34065,6.058515,5.73525
36103,6.1695,7.0763535,6.2938747
36105,5.7850504,6.522939,6.246
36107,5.9826746,6.7133017,6.53325
36109,5.740325,6.446299,6.2367496
36111,6.1284,6.8513174,6.532125
36113,5.9852,6.560468,6.6289997
36115,5.9811,6.741961,6.6192503
36117,5.688425,6.5451446,5.9432497
36119,7.082025,8.153992,7.401
36121,5.778925,6.5463457,6.0306253
36123,5.4765,6.231957,5.835125
37001,7.2508497,7.778455,7.736
37003,7.2964997,7.896825,7.715
37005,6.1756,6.668021,6.677
37007,7.236825,7.6681533,7.648
37009,5.912675,6.313551,6.325
37011,5.6240497,6.105757,6.075
37013,5.6899,6.090235,6.035
37015,6.025325,6.4415236,6.52
37017,6.3030996,6.756653,7.25825
37019,5.6022,6.043868,6.654875
37021,5.98185,6.435504,6.363
37023,6.936425,7.444223,7.432
37025,8.10895,8.574872,8.645
37027,6.9007006,7.3455887,7.278
37029,5.6821,6.1682005,5.93725
37031,5.1342497,5.590022,5.5255003
37033,7.145175,7.6298532,7.5945
37035,7.6482,8.289125,7.983
37037,7.3391504,7.8419366,7.833
37039,6.0646,6.5091615,6.7
37041,5.694825,6.149765,6.072
37043,6.50925,6.7509255,6.691
37045,7.6295,8.21965,8.102
37047,6.1612997,6.5558066,7.1280003
37049,5.5773997,5.9083734,5.8345
37051,7.055175,7.53428,7.6425
37053,5.6082,6.083284,5.8081255
37055,5.3574247,5.7638946,5.5415
37057,7.9718246,8.535991,8.5675
37059,7.7977996,8.504544,8.515
37061,6.013775,6.404521,6.7452497
37063,7.4848,7.9297004,8.1235
37065,6.451925,6.9077735,7.0965
37067,7.6351,8.267038,8.355
37069,7.023575,7.5612307,7.6715
37071,7.996,8.554388,8.725
37073,5.98945,6.4942727,6.411
37075,5.8125,6.243362,6.316
37077,7.1179,7.636686,7.7039995
37079,6.3315496,6.791973,6.677
37081,7.540075,8.065407,8.26525
37083,6.525725,7.0046554,7.362
37085,7.16295,7.6714926,7.526
37087,5.7003503,6.1285477,6.2375
37089,6.176425,6.6550813,6.492
37091,6.1538,6.5993395,6.801
37093,7.0547,7.5268617,7.677625
37095,5.21955,5.6684055,5.54225
37097,7.914225,8.542918,8.532
37099,5.7057505,6.1622496,6.27
37101,6.973925,7.5169463,7.505
37103,5.71735,6.071443,6.0810003
37105,7.359175,7.7741556,7.755
37107,6.14305,6.553575,6.509
37109,7.922175,8.509229,8.477
37111,6.100325,6.615583,6.5075
37113,5.836475,6.276986,6.273
37115,5.85245,6.2754183,6.374
37117,5.920375,6.370415,6.385
37119,8.10175,8.593752,8.785
37121,5.6211,6.0691357,6.071
37123,7.3684998,7.793041,7.7605
37125,7.19855,7.6420946,7.6678753
37127,6.7077003,7.2148843,7.389
37129,5.4153748,5.754407,6.5232496
37131,6.4490995,6.962499,7.192
37133,5.525375,5.87948,6.079
37135,7.406775,7.8615136,8.0005
37137,5.25285,5.7292414,5.484
37139,5.6979246,6.169178,5.8668747
37141,5.4492,5.794563,6.6385
37143,5.6847754,6.1427813,5.968
37145,7.1235504,7.5819106,7.5792503
37147,6.056725,6.5169168,6.543
37149,6.793,7.323449,7.23775
37151,7.58035,8.120448,8.0575
37153,7.0053496,7.5665565,7.30125
37155,6.7499495,7.2197175,7.6912503
37157,7.1628504,7.68236,7.677875
37159,8.045176,8.596024,8.623
37161,7.2060995,7.7537766,7.7074995
37163,6.4818,6.954852,7.0785
37165,6.9775496,7.5033073,7.5477505
37167,7.7135496,8.154625,8.258
37169,7.1846495,7.6423936,7.68
37171,6.7770753,7.388398,7.248
37173,5.83405,6.244149,6.357
37175,5.84705,6.312687,6.188
37177,5.32425,5.7559557,5.6015
37179,7.6625504,8.103514,8.144
37181,6.975975,7.449579,7.618
37183,7.5766,8.052403,8.206
37185,6.6703005,7.162333,7.461
37187,5.555825,5.997299,5.901
37189,5.86305,6.2976646,6.329
37191,6.6468496,7.0715513,7.0695
37193,6.7318254,7.2510157,7.225
37195,6.7382,7.1724753,7.379
37197,7.35925,7.9710135,7.918
37199,5.6001997,6.044173,6.075
38001,4.20885,5.040916,4.508
38003,5.4198503,6.2778935,5.79775
38005,5.38545,6.0898366,5.774
38007,3.8519,4.770275,4.5885
38009,5.15815,5.8994875,5.46475
38011,4.22325,5.0367265,4.6435
38013,4.4003496,5.3092675,5.08075
38015,5.30275,6.4540496,5.6137505
38017,6.184675,7.2853165,6.7305
38019,5.588475,6.2687163,6.0125003
38021,5.1127996,6.014801,5.585
38023,4.5143003,5.3516116,4.886
38025,3.9706001,5.1324143,4.403
38027,5.3825502,6.0761757,5.785
38029,4.7674,5.6818695,5.03275
38031,5.3096,6.0568347,5.66925
38033,3.9309998,4.8543296,4.463
38035,6.1893,6.9767303,6.728
38037,4.4088,5.3307333,4.675
38039,5.4378996,6.1807637,5.80125
38041,4.235075,5.09311,4.535375
38043,5.0702,5.9473114,5.373
38045,5.22285,6.049568,5.625375
38047,4.8874,5.7671447,5.1675
38049,5.0229,5.8683953,5.45675
38051,4.7771997,5.6269526,5.066
38053,4.021725,5.188319,4.427
38055,4.899625,6.0654554,5.34275
38057,4.6807,5.844018,4.9475
38059,5.0895753,6.139451,5.35775
38061,4.32505,5.4102163,4.788
38063,5.5246,6.22754,6.007
38065,4.8769503,6.082785,5.42525
38067,5.927,6.562238,6.428
38069,5.18935,5.9701214,5.5375
38071,5.5218,6.1953125,5.921
38073,5.43475,6.3946004,5.905
38075,4.8117,5.6208363,5.3915
38077,5.569775,6.661021,6.3935
38079,5.345675,6.0577197,5.6245
38081,5.3810997,6.3292875,5.7608747
38083,4.98325,5.912391,5.3135
38085,4.47345,5.368955,4.72825
38087,4.1031,4.9190855,4.555
38089,4.256825,5.153552,4.789
38091,5.52835,6.345114,5.958
38093,5.2498503,6.045413,5.5805
38095,5.4578,6.134715,5.872
38097,5.7644,6.7010736,6.331
38099,5.7983003,6.510545,6.31
38101,4.95895,5.8317375,5.3025
38103,5.1049747,5.9505544,5.38475
38105,4.42365,5.4197245,4.836
39001,7.4154997,8.024749,7.8255
39003,7.3846498,8.200187,8.2805
39005,7.4946,8.233543,8.04
39007,6.91775,7.6971617,7.2485
39009,7.4543,8.009686,7.9084997
39011,7.75805,8.583069,8.76675
39013,7.9928,8.476648,9.20325
39015,7.76835,8.442133,8.268
39017,9.159625,9.851751,9.606625
39019,7.88375,8.632607,8.289
39021,8.068975,8.844494,8.6965
39023,8.367724,9.138223,9.12
39025,8.589325,9.249802,9.106874
39027,8.19855,8.877633,8.566
39029,7.8448997,8.662433,8.219
39031,7.828225,8.47349,8.226
39033,7.5411005,8.282746,8.086
39035,8.1772,9.062253,8.618
39037,8.20325,8.940066,8.93325
39039,7.5457506,8.411188,8.0720005
39041,8.220725,9.0397,8.928
39043,7.5669503,8.252225,7.874
39045,8.020875,8.775762,8.6115
39047,7.9792,8.668056,8.406
39049,8.452475,9.274702,9.132
39051,7.7300997,8.548312,8.4395
39053,7.6149993,8.090722,8.091499
39055,7.6925993,8.387281,8.0415
39057,8.655951,9.360268,9.279
39059,7.8237,8.371593,8.61075
39061,9.202075,9.877292,9.671
39063,7.50375,8.202741,8.148001
39065,7.4522753,8.187497,8.3325
39067,7.8729005,8.436537,8.6345005
39069,7.5505996,8.357194,8.26775
39071,7.818,8.468164,8.177
39073,7.5847,8.1209545,8.06425
39075,7.8611755,8.575642,8.178
39077,7.35225,8.10728,7.734
39079,7.51355,8.0480175,7.956
39081,8.0707,8.695549,8.62
39083,7.8089247,8.481081,8.342
39085,7.5634003,8.35598,7.867
39087,7.5371246,8.063059,7.8075
39089,8.1004,8.843923,8.6415
39091,7.7104006,8.470671,8.49575
39093,7.4693747,8.29358,7.76075
39095,8.0772,8.930531,8.3205
39097,8.130449,8.914886,8.8075
39099,7.7527,8.547731,8.015
39101,7.73645,8.4988785,8.4245
39103,7.6001997,8.470154,8.184
39105,7.60555,8.119326,8.0875
39107,7.8591995,8.739995,8.695499
39109,8.32485,9.164551,9.0195
39111,7.690225,8.126364,8.798875
39113,8.8119755,9.606176,9.28675
39115,7.5389495,8.065153,8.2655
39117,7.677025,8.459241,8.377
39119,7.8782997,8.427024,8.351999
39121,7.6774507,8.198091,8.664375
39123,7.7641754,8.510952,8.265875
39125,7.5767503,8.412149,8.1925
39127,7.6799254,8.220506,8.2705
39129,8.00105,8.723253,8.567
39131,7.62035,8.173449,8.0855
39133,7.8806505,8.665845,8.254
39135,8.30645,9.098465,8.922874
39137,7.35605,8.190935,8.011
39139,7.5676003,8.271231,8.1875
39141,7.8152494,8.444341,8.333
39143,7.67175,8.400881,8.099
39145,7.39105,7.9561286,7.6590004
39147,7.5142503,8.264947,7.9383755
39149,8.019424,8.795803,8.88575
39151,8.168776,9.019236,8.614
39153,8.025024,8.863553,8.625
39155,7.4061995,8.207197,7.646
39157,7.9473,8.675099,8.275
39159,8.03585,8.799174,8.7235
39161,7.6117997,8.455999,8.355499
39163,7.4518995,8.002897,7.823
39165,9.01865,9.751272,9.3815
39167,7.8461747,8.318224,8.660999
39169,7.785525,8.598042,8.3695
39171,7.6115503,8.478676,8.4615
39173,7.71095,8.576884,8.2845
39175,7.523575,8.263725,8.088125
40001,7.79535,8.5012,8.328
40003,7.19385,7.8769317,7.47025
40005,7.8847747,8.638592,8.24375
40007,5.8790503,6.359735,6.23575
40009,6.3758497,6.9019065,6.8407497
40011,7.26015,7.9608955,7.76
40013,7.9176497,8.574989,8.46175
40015,7.23055,7.9363985,7.9025
40017,8.48315,9.179765,8.86
40019,7.5960503,8.347158,8.172
40021,7.8786,8.611748,8.5625
40023,8.153749,8.696499,8.378
40025,4.8097754,5.198336,5.144125
40027,8.723825,9.501063,9.2605
40029,7.8804502,8.684244,8.370376
40031,7.0850754,7.769971,7.904
40033,7.0080748,7.673641,7.6555
40035,8.11285,8.881416,9.675
40037,8.15025,8.998426,9.03925
40039,6.89755,7.5131097,7.397
40041,7.9625,8.672775,9.029
40043,6.5638504,7.258855,7.1165
40045,6.0863,6.663626,6.5585003
40047,7.881925,8.639767,8.088125
40049,7.9012003,8.638288,8.528
40051,7.8755007,8.676637,8.583
40053,7.5484495,8.324079,7.9355
40055,6.2890253,6.8674912,6.77975
40057,6.0777,6.6112337,6.58025
40059,6.1032248,6.662889,6.481
40061,8.023475,8.737737,8.648375
40063,7.9738503,8.793071,8.41475
40065,6.521,7.0746665,7.0775
40067,7.1507998,7.851706,7.765
40069,7.80755,8.513314,8.2575
40071,7.83505,8.658916,8.299
40073,7.9091005,8.653473,8.345375
40075,6.6272497,7.3159485,7.246
40077,7.69635,8.446722,8.31875
40079,7.983925,8.63223,8.500751
40081,8.03845,8.802991,8.4335
40083,8.217649,8.94649,8.485375
40085,7.5448,8.207806,8.14
40087,8.1509495,8.919859,8.854
40089,8.493325,8.882475,8.7835
40091,7.9319,8.86928,8.5255
40093,7.1315002,7.8494096,7.58375
40095,7.8060746,8.466602,8.31475
40097,8.305475,8.981088,8.938499
40099,7.8473997,8.55854,8.344
40101,8.30015,9.065049,8.98225
40103,7.9738755,8.729971,8.255
40105,8.274575,9.081945,8.976
40107,7.999175,8.769392,8.50125
40109,8.771225,9.561282,9.098
40111,8.047625,8.922653,8.830875
40113,8.04065,8.956024,8.6315
40115,8.02045,8.922941,10.597
40117,7.80515,8.681526,8.33375
40119,8.128775,8.835505,8.537001
40121,7.79505,8.746996,8.11825
40123,8.034326,8.7082,8.363125
40125,8.216725,8.890696,8.5225
40127,7.7242002,8.400767,8.1315
40129,6.15735,6.7235413,6.6045003
40131,8.67455,9.472325,9.525625
40133,8.13855,8.79213,8.51575
40135,8.171724,8.890549,8.777
40137,7.3502502,8.08368,8.129
40139,5.7422247,6.1426883,6.1470003
40141,6.6578,7.24979,7.275
40143,8.7141,9.656762,9.73925
40145,8.65495,9.419916,9.655874
40147,8.24215,9.106832,8.58925
40149,6.7321253,7.373378,7.326
40151,6.811925,7.427798,7.1307497
40153,6.3634,6.987096,6.813
41001,5.616425,7.0148287,6.508625
41003,6.4317,8.353459,7.225625
41005,7.1230497,9.90109,8.02725
41007,4.838725,5.7383165,5.4195004
41009,5.4302497,6.9042215,6.2035
41011,6.2778997,7.632296,7.264
41013,6.0637,8.211645,6.79875
41015,6.1316004,7.2978125,7.36125
41017,7.142375,9.354552,7.815375
41019,6.5496244,8.565969,7.2634997
41021,6.07915,8.457941,6.8780003
41023,5.3108497,6.610826,5.86775
41025,5.638725,7.0794935,6.1549997
41027,4.98345,7.3655634,5.6881247
41029,7.8007994,10.792904,8.798
41031,6.189275,8.499942,6.8335
41033,6.964775,9.130365,8.017
41035,7.6331496,11.084865,8.6465
41037,5.810525,8.058458,6.407
41039,6.8953753,9.159683,7.777875
41041,5.342,6.3941855,6.26525
41043,7.1019998,9.135259,7.72875
41045,6.939025,7.944406,8.48775
41047,7.2974253,9.554286,8.130375
41049,6.189425,8.342377,6.7122498
41051,6.930275,9.512251,7.7705
41053,6.3616753,8.279746,7.4245
41055,5.91665,8.463776,6.5620003
41057,4.8238,5.740414,5.53725
41059,6.9416246,9.211135,8.143
41061,5.5681252,6.9291472,6.0594997
41063,5.1432,6.6146226,5.66425
41065,5.6724253,7.9400544,6.1713753
41067,6.979825,9.074606,7.918625
41069,5.39335,7.2362165,5.93825
41071,6.27505,8.198075,7.0162497
42001,7.4174004,8.363327,7.781
42003,8.942025,9.633557,9.799
42005,7.8893995,8.587611,8.855749
42007,8.2897005,9.079419,8.63
42009,6.8788004,7.550606,7.561625
42011,7.8075,9.034907,8.268126
42013,7.3065248,8.147208,8.0695
42015,5.96765,6.6909075,6.4245005
42017,7.52705,8.53475,8.117
42019,8.157351,8.940898,8.638125
42021,7.4345,8.110067,8.02425
42023,6.031025,6.794042,6.514
42025,6.7897997,7.8327227,7.3190002
42027,7.301725,8.039296,8.117
42029,7.8281746,8.85038,8.24
42031,7.03255,7.8111258,7.5132504
42033,6.827025,7.6402674,7.5025
42035,6.767125,7.4586334,7.566875
42037,7.026375,7.9377747,7.6793747
42039,6.8054495,7.5541778,7.0997496
42041,8.00285,9.069574,8.660999
42043,8.16625,9.340133,8.862375
42045,7.800925,8.873192,8.064751
42047,6.32415,7.1291685,6.828
42049,6.61955,7.4050927,7.22725
42051,6.97415,7.5442495,7.4693747
42053,6.41165,7.1668677,6.7402496
42055,7.29535,8.139189,7.5765
42057,6.9212,7.6761117,7.553
42059,6.955625,7.558164,7.4768753
42061,7.1473503,8.079523,7.7695003
42063,7.47575,8.163309,7.963
42065,6.9647,7.7251844,7.429
42067,7.3974504,8.404709,8.209625
42069,6.5805,7.3543944,7.1289997
42071,8.399925,9.55184,9.22275
42073,7.882875,8.690309,8.048
42075,8.00075,9.263571,8.62375
42077,7.5270753,8.683325,8.01925
42079,6.69905,7.590782,7.32475
42081,6.9134245,7.5779753,7.7365003
42083,5.9373503,6.6790695,6.235
42085,7.3414,8.117905,7.7657504
42087,7.3417997,8.262269,8.05125
42089,6.6305504,7.5932565,7.3385
42091,7.7081003,8.857083,8.017625
42093,7.3387747,8.274683,8.0795
42095,7.4101996,8.493647,7.8931246
42097,7.3443003,8.379479,8.065
42099,7.6309,8.734318,8.360001
42101,7.7375,8.803051,8.05
42103,6.124025,6.970248,6.75975
42105,5.70305,6.340419,6.207
42107,7.1272,8.209613,7.73125
42109,7.4614744,8.503473,8.282875
42111,6.55195,7.1238317,7.014625
42113,5.9515,6.7578373,6.1545
42115,6.0242248,6.795434,6.5197496
42117,5.5913,6.2521486,6.136875
42119,7.3920755,8.352339,8.26325
42121,6.8950753,7.670327,7.1885
42123,6.2177,6.9908814,6.481
42125,7.8222504,8.543504,8.083
42127,6.039775,6.8297577,6.66325
42129,8.0527,8.692785,8.44975
42131,6.3423,7.0915093,6.8205004
42133,8.19705,9.069259,8.56575
44001,5.59665,6.2940927,6.1590004
44003,5.38725,6.0661426,5.953
44005,4.842775,5.590898,5.51425
44007,6.0987,6.8009367,6.439
44009,4.698825,5.4330955,5.3518753
45001,7.780375,8.418955,8.25975
45003,8.34505,9.1028805,8.738
45005,7.459875,8.089958,7.686
45007,8.1042,8.668053,8.753
45009,7.411525,8.158674,7.74475
45011,7.6750746,8.487463,8.118626
45013,7.2700996,7.992884,7.8947496
45015,7.1285753,7.6640778,7.421
45017,7.3156753,7.9570055,7.654375
45019,6.92845,7.505346,7.25875
45021,7.7843995,8.276726,8.459
45023,7.25045,7.726124,7.712
45025,6.917575,7.4707794,7.1122503
45027,6.9417496,7.5689797,7.4397497
45029,7.182125,7.8263626,7.5028753
45031,6.985025,7.591054,7.2945004
45033,6.7671995,7.280314,7.4537497
45035,7.1798005,7.8300104,7.451
45037,8.108126,8.811384,8.525499
45039,7.042875,7.6199365,7.393
45041,7.0900497,7.5868607,7.76825
45043,6.31635,6.837776,6.9515
45045,8.02185,8.4858265,8.5075
45047,7.782325,8.415009,8.2915
45049,7.5111,8.306772,7.9347496
45051,6.3884497,6.851013,7.26925
45053,7.597275,8.348612,8.2615
45055,7.13945,7.655346,7.5839996
45057,7.1425004,7.620861,7.4825
45059,7.7061996,8.292589,8.2115
45061,7.0347495,7.6214995,7.49575
45063,7.7586503,8.298733,8.20525
45065,7.828,8.597875,8.413
45067,6.64945,7.1462007,7.4655
45069,6.963675,7.5099053,7.3931246
45071,7.4709997,8.029253,7.8525
45073,7.3028,7.79171,7.86175
45075,7.3826246,8.0002165,7.79475
45077,7.4722,7.933295,7.9695
45079,7.7527494,8.250829,8.3095
45081,7.6486,8.2738695,8.048
45083,8.0707,8.507784,8.645
45085,7.2309,7.8477182,7.690375
45087,7.39805,7.942553,7.871
45089,6.65875,7.2373595,7.357875
45091,7.79355,8.241966,8.456
46003,4.4549,5.1992817,4.82825
46005,4.645875,5.4676924,4.988125
46007,3.6920502,4.436151,4.1175
46009,4.9044,5.734337,5.4915
46011,4.48185,5.4673257,5.168
46013,4.9582,5.8772955,5.514
46015,4.143075,4.8666315,4.574
46017,4.0218,4.774743,4.467
46019,4.3176,5.18394,4.984
46021,4.50915,5.319902,4.89925
46023,4.6472,5.3364058,5.091
46025,5.0845003,6.0109963,5.441
46027,5.4817,6.310746,6.277
46029,5.560925,6.5629716,6.159
46031,4.2323503,5.081794,4.5613747
46033,3.32775,4.253831,3.6935
46035,4.6686,5.477813,5.043
46037,5.29495,6.178575,5.737
46039,5.136925,6.0942936,5.747
46041,3.8306751,4.670755,4.244625
46043,4.606,5.3745933,5.035
46045,4.5668,5.387294,5.0718746
46047,3.2404752,4.097904,3.449375
46049,4.4042,5.1849775,4.96625
46051,5.457425,6.452544,6.0825
46053,4.31285,4.948905,4.77125
46055,3.6438498,4.4442587,4.104
46057,5.0933,6.0571795,5.741
46059,4.227625,4.979612,4.671125
46061,4.7371,5.558428,5.181
46063,4.2026,5.049878,4.826
46065,3.3528,4.18093,3.93125
46067,4.7649,5.6204915,5.303
46069,3.90075,4.6617136,4.4025
46071,3.5868,4.3652105,4.001125
46073,4.3589,5.124833,4.76725
46075,3.48475,4.2544966,3.928
46077,4.6991,5.6203413,5.1855
46079,4.5516253,5.5073314,5.2495
46081,4.2152,5.10488,4.846
46083,5.1653,6.0858793,5.997
46085,3.726125,4.459044,4.212125
46087,4.741025,5.5910234,5.293
46089,4.7363,5.5398364,5.16125
46091,5.31105,6.208945,5.737
46093,4.4754,5.2881756,5.032
46095,3.62155,4.349174,4.12875
46097,4.62045,5.5047903,5.126
46099,5.0431,5.951474,5.908
46101,4.646925,5.6127563,5.343
46103,4.614,5.4531913,4.941
46105,4.1677003,4.951998,4.475
46107,4.02315,4.8036795,4.5670004
46109,5.427575,6.396204,6.1595
46111,4.6222,5.432512,5.0035
46115,4.7016,5.5890937,5.21725
46117,3.4390998,4.2316847,3.96825
46119,3.6759002,4.4574437,4.1925
46121,3.837,4.5046587,4.300125
46123,3.965625,4.650815,4.425
46125,4.986975,5.851491,5.6715
46127,5.618925,6.5268936,6.336
46129,4.271875,5.0534744,4.731
46135,5.1964,6.035379,5.897
46137,3.9026,4.7237544,4.23225
47001,7.36605,7.940177,7.616375
47003,6.870275,7.47051,7.146
47005,6.55065,7.24393,7.0745
47007,6.7759004,7.296941,7.04625
47009,7.0304747,7.4849014,7.443625
47011,7.70485,8.247274,8.218
47013,7.1069,7.734122,7.785
47015,6.7267,7.330207,6.939
47017,6.6751494,7.3947296,7.13225
47019,6.116175,6.4767885,6.485
47021,7.0876503,7.758666,7.2735
47023,6.6947,7.3339057,7.034
47025,7.4361496,8.173578,8.348499
47027,6.775575,7.375763,7.0966253
47029,6.4940004,6.9328337,6.981
47031,6.826375,7.40684,7.16
47033,6.95645,7.5667787,7.3515
47035,6.5428,7.0464907,6.839
47037,7.81315,8.441631,8.095
47039,6.3668,6.998571,6.87175
47041,6.63495,7.21268,6.8525
47043,6.6582747,7.312701,7.023875
47045,6.9027495,7.5728774,7.212
47047,7.3703995,7.9787416,7.79
47049,6.4969254,7.038493,6.744
47051,6.9574,7.4777346,7.363
47053,6.884875,7.551179,7.22025
47055,6.561175,7.180281,7.121875
47057,7.889125,8.629915,8.585
47059,6.6306505,7.1128454,6.9855003
47061,6.8236747,7.285527,7.2018747
47063,7.82755,8.455111,8.603
47065,8.120975,8.646501,8.60075
47067,7.0892,7.762536,7.6123753
47069,6.89245,7.536441,7.3195
47071,6.542325,7.166198,7.111875
47073,6.9095,7.5210085,7.226
47075,7.0516,7.6495895,7.48475
47077,6.56175,7.1938105,6.94275
47079,6.8943253,7.6332054,7.44075
47081,6.28345,6.897275,6.8599997
47083,6.57805,7.2763777,7.18075
47085,6.46,7.126503,7.014
47087,6.5415497,7.199588,6.757
47089,7.952525,8.489987,8.765
47091,5.87825,6.2875915,6.193
47093,7.8710494,8.4679,8.36525
47095,7.2908754,7.9058824,7.696375
47097,7.1389,7.7462015,7.4615
47099,6.2885,6.829234,6.99975
47101,6.09055,6.687504,6.7974997
47103,6.89285,7.498664,7.28525
47105,6.9843245,7.49899,7.5255
47107,6.9265,7.4321337,7.517
47109,6.7854753,7.424684,7.2764997
47111,6.914775,7.6243234,7.2015
47113,6.8939004,7.500303,7.19575
47115,7.3274,7.8844633,7.77225
47117,6.5732,7.240541,7.048375
47119,6.4353247,7.030697,7.0670004
47121,7.08685,7.665001,7.457
47123,6.5410004,6.991362,7.11
47125,7.0262003,7.742157,7.5670004
47127,6.8639,7.4666276,7.191
47129,6.5912004,7.137202,6.984
47131,7.244925,7.869016,7.747875
47133,6.464775,7.0568643,6.75825
47135,6.1945252,6.842505,6.795375
47137,6.685625,7.0952015,6.73
47139,6.754575,7.2156205,7.421
47141,6.4667997,7.03452,6.714
47143,6.95045,7.5139456,7.20625
47145,6.8526254,7.421791,7.1295
47147,7.3493752,7.9869933,7.482
47149,7.314475,8.000212,7.539
47151,6.632125,7.2048492,6.989
47153,7.0246496,7.5281515,7.41425
47155,7.064325,7.4888206,7.5205
47157,8.132151,8.80047,8.5455
47159,6.7538004,7.3940597,6.9762497
47161,6.779775,7.5072355,7.459
47163,6.694175,7.123198,7.129
47165,7.41615,8.07162,7.65725
47167,7.4321504,8.064084,7.683
47169,6.9611998,7.6862793,7.33575
47171,5.8385,6.277926,6.234
47173,7.8453245,8.466539,8.5135
47175,6.51275,7.060155,6.8115
47177,6.625825,7.1897917,6.89
47179,6.37915,6.829123,6.746
47181,6.1527247,6.7816443,6.906375
47183,7.1129503,7.7837014,7.5015
47185,6.4887,7.0412245,6.7555
47187,7.36195,7.9942374,7.7645
47189,7.2878,8.045804,7.6305
48001,7.9924498,8.414643,8.1975
48003,6.169725,6.7349067,6.9969997
48005,8.291,8.773173,8.578
48007,7.49485,8.660482,7.78575
48009,6.6476502,7.281839,7.133
48011,5.46285,5.8955812,5.98825
48013,7.5414,8.48347,8.1695
48015,7.97025,8.671327,8.556
48017,5.75375,6.052431,6.0585003
48019,6.95305,7.7096148,7.41625
48021,7.7125,8.421812,8.3135
48023,6.843,7.256646,6.877
48025,7.5252,8.520277,8.0735
48027,7.482,8.18698,8.146
48029,7.8970504,8.733728,8.581
48031,7.8916254,8.474482,7.94925
48033,5.9261003,6.3888483,6.77875
48035,7.3651495,7.978011,7.862
48037,9.10735,9.441504,9.559875
48039,8.049,8.872176,8.336
48041,8.0043745,8.586366,8.6535
48043,5.01175,5.5056443,5.29525
48045,5.5264,5.9534855,6.0135
48047,8.0522,9.347715,8.7127495
48049,6.683725,7.1424317,7.2045
48051,7.8448,8.446223,8.372
48053,7.21315,7.8533564,7.94825
48055,7.83755,8.60832,8.4255
48057,7.5161247,8.375505,7.85
48059,6.3868,6.8604937,6.75875
48061,8.26025,9.805264,8.92625
48063,8.532599,8.940332,8.907499
48065,5.5189753,5.964873,6.1016254
48067,8.70215,9.174167,9.05125
48069,5.6261,6.039453,6.33575
48071,7.6928253,8.49564,7.969
48073,8.0879,8.606676,8.451
48075,5.902,6.4021482,6.31825
48077,6.9302497,7.581127,7.391
48079,5.4515,5.8073883,6.1707497
48081,6.254,6.666093,6.665
48083,6.41715,6.883506,6.88
48085,8.448999,9.021353,9.0025
48087,5.86665,6.3427615,6.3067503
48089,7.6850996,8.35661,8.271
48091,7.8846254,8.613438,8.601
48093,6.821,7.3420653,7.2655
48095,6.35855,6.808316,6.7957506
48097,7.6060753,8.263097,8.142625
48099,7.3112,7.9918275,7.888
48101,5.7677,6.2123985,6.364
48103,6.3529,6.840576,6.9847503
48105,6.41915,6.785331,6.97475
48107,5.6149497,6.048487,6.483
48109,5.0989504,5.4583173,5.3397503
48111,4.98915,5.416485,5.3495
48113,8.42975,9.011053,9.046
48115,6.05065,6.5322556,6.9127502
48117,5.5195,5.868951,6.206875
48119,8.099825,8.557097,8.553
48121,8.265051,8.885162,8.925
48123,7.4769754,8.336594,7.90625
48125,5.5779,6.0057936,6.23275
48127,7.322725,8.334732,7.9106245
48129,5.58135,6.047695,6.035375
48131,7.64515,8.829184,8.2855
48133,6.6129,7.1143045,7.049
48135,6.6081,7.2132597,7.358
48137,6.46375,6.9488792,7.03425
48139,8.140924,8.717865,8.673
48141,6.920925,7.334124,7.3305
48143,7.0486746,7.6114607,7.4195
48145,7.6585746,8.224605,8.1935
48147,7.96195,8.479182,8.2247505
48149,7.6454,8.333908,8.225
48151,6.17695,6.572751,6.762
48153,5.6554747,6.091038,6.293375
48155,6.05065,6.5150423,6.58675
48157,8.936275,9.656556,9.4995
48159,8.344325,8.776575,8.603875
48161,7.8439255,8.381319,8.10025
48163,7.723125,8.649439,7.78825
48165,6.034775,6.532327,6.9934998
48167,7.6453247,8.428881,7.91
48169,6.399375,6.7769766,6.56575
48171,6.89105,7.490841,7.4275
48173,6.4238,6.9071784,7.0915003
48175,7.509075,8.377333,7.9095
48177,7.5827246,8.3943,8.048875
48179,5.6306,6.070857,6.0795
48181,7.9168754,8.514032,8.440625
48183,8.649475,9.161889,8.957
48185,8.1946745,8.785002,8.807
48187,7.818,8.634317,8.598
48189,5.9735003,6.342744,6.4065
48191,5.67815,6.145167,6.20375
48193,7.0449,7.5913305,7.481
48195,5.760625,6.193233,6.207375
48197,6.13225,6.662941,6.615
48199,7.8920503,8.549625,8.60175
48201,9.4045,10.070683,9.767
48203,8.674175,9.266342,9.05225
48205,4.8942003,5.354575,5.2737503
48207,6.342325,6.732956,6.808625
48209,8.003125,8.711913,8.755
48211,5.84645,6.3693714,6.26275
48213,7.86145,8.384415,8.106
48215,8.87915,10.324869,9.36175
48217,7.731875,8.316076,8.159
48219,5.68815,6.0704103,6.562
48221,7.5011,8.112295,8.0195
48223,8.08885,8.577799,8.417
48225,7.9602995,8.501922,8.361
48227,6.3703003,6.8570986,7.10475
48229,5.2422,5.523967,5.433
48231,7.9384995,8.489786,8.136
48233,5.571225,6.0109873,6.1445
48235,6.2198,6.7044535,6.7684994
48237,6.86985,7.4582543,7.339
48239,7.54465,8.297976,7.86
48241,7.773675,8.342876,8.554
48243,4.83735,5.17445,5.0690002
48245,7.9673996,8.704499,8.757999
48247,7.973675,9.198797,8.554
48249,7.7825,9.028585,8.45525
48251,7.9414496,8.588741,8.4275
48253,6.403975,6.818508,6.9705
48255,7.4579253,8.364221,8.029125
48257,8.012475,8.572714,8.352
48259,7.274475,8.027367,7.769
48261,8.04235,9.509466,8.66825
48263,5.72155,6.146908,6.4075003
48265,6.819925,7.4481506,7.3324995
48267,6.4652,6.9186697,7.0698752
48269,5.7948503,6.2170587,6.4625
48271,6.6769,7.3063736,7.328
48273,8.044451,9.380592,8.71475
48275,6.1891,6.6162186,6.65975
48277,8.137575,8.649675,8.4145
48279,5.6749,6.035994,6.4872503
48281,7.067525,7.7100115,7.66425
48283,7.9312496,9.012182,8.0435
48285,7.4770994,8.263238,7.9395
48287,7.70725,8.361616,8.231125
48289,8.20675,8.75794,8.229
48291,8.25955,8.9044895,8.445
48293,7.87845,8.343554,8.216
48295,5.86065,6.370578,6.216875
48297,7.6163,8.596367,8.152125
48299,6.99055,7.569074,7.6731253
48301,7.0620003,7.4224114,7.974
48303,5.9176497,6.3532567,6.9294996
48305,5.8142996,6.2446632,6.836
48307,6.5056505,7.000743,6.9915
48309,7.78415,8.350659,8.361
48311,7.5482497,8.53977,8.06125
48313,8.0307255,8.509943,8.4655
48315,8.6154,9.200671,8.961
48317,6.54675,7.041707,7.245
48319,6.662275,7.1326585,7.2180004
48321,7.71745,8.462154,8.0505
48323,6.9619,7.8670526,7.5375004
48325,7.4081497,8.236636,7.7652497
48327,6.3562,6.8048754,6.82775
48329,6.69905,7.248198,7.4655
48331,7.6333504,8.259982,8.253
48333,6.7536497,7.297867,7.20225
48335,6.190725,6.615159,6.803375
48337,7.1724,7.8386736,7.7545
48339,9.2182,9.7726965,9.482
48341,5.4536753,5.9062715,5.8466253
48343,8.60685,9.023479,9.073999
48345,5.5034,5.9557257,6.16975
48347,8.45675,8.883936,8.8
48349,7.8885245,8.377548,8.23
48351,7.6846747,8.319568,8.469125
48353,6.27175,6.6297426,6.817
48355,7.7299247,9.114723,8.173
48357,5.82995,6.2981777,6.19375
48359,4.8483,5.2844114,5.3304996
48361,7.9388494,8.620287,8.7235
48363,7.040075,7.567547,7.482
48365,8.541925,9.041088,8.93
48367,7.4830003,8.144102,8.073
48369,5.5312,5.8848143,6.119125
48371,5.7316003,6.198074,6.2230005
48373,8.0102005,8.624811,8.318
48375,5.496075,5.965644,6.076875
48377,4.915925,5.204784,5.077125
48379,7.9304,8.422858,8.3645
48381,5.5071,5.9764166,6.0605
48383,6.33655,6.791219,6.875
48385,6.5010004,7.0868087,7.0887504
48387,8.405649,8.81693,8.56475
48389,6.2578,6.5851097,6.456
48391,7.5364,8.482561,7.8964996
48393,5.63455,6.093417,6.04125
48395,7.7973747,8.359907,8.411
48397,8.24775,8.828741,8.495
48399,6.4222746,6.836862,6.8285
48401,8.414175,8.950548,8.73
48403,7.9022,8.38571,8.3575
48405,8.1215,8.561081,8.45
48407,8.403875,9.118273,8.506
48409,7.629,8.87847,8.053625
48411,6.7381754,7.25067,7.2766247
48413,6.3223,6.7766848,6.7525
48415,6.074725,6.490393,6.796125
48417,6.3478,6.7989693,6.799
48419,8.309999,8.822053,8.644
48421,5.4802504,5.9161806,5.8550005
48423,8.2997,8.791273,8.624
48425,7.361975,7.960228,7.7715
48427,8.2808,9.310858,9.03875
48429,6.4493,6.9596634,6.88575
48431,6.14945,6.6463957,6.69425
48433,6.0424,6.4161134,6.5959997
48435,6.387,6.8198485,6.98825
48437,5.7792997,6.175011,6.351
48439,8.2126255,8.932699,8.735
48441,6.493,6.9264045,7.027
48443,6.3105497,6.651206,6.8485003
48445,5.8528,6.2498894,6.756
48447,6.30795,6.8044825,6.753
48449,8.576225,8.931629,8.877
48451,6.4815,6.901246,6.92175
48453,8.283999,9.085851,9.061
48455,7.9866,8.572102,8.397
48457,7.8212004,8.369296,8.53475
48459,8.506725,8.9855,8.745
48461,6.4025254,6.866197,7.0145
48463,6.9827247,7.7074256,7.6070004
48465,6.9342246,7.4884977,7.6116247
48467,7.86365,8.439048,8.162
48469,7.6456003,8.509673,8.009
48471,8.1569,8.750515,8.5295
48473,8.666525,9.337616,9.1215
48475,6.4667997,6.8922224,6.863
48477,7.9600754,8.572702,8.5805
48479,8.352825,9.436879,8.816
48481,7.8765745,8.533239,8.49
48483,5.90705,6.395301,6.296625
48485,6.942,7.5919657,7.451
48487,6.4165254,6.934816,6.963
48489,8.330175,9.815626,8.967001
48491,8.0822,8.781576,8.846
48493,7.297925,8.2656355,7.94425
48495,6.5415,6.970852,6.82725
48497,7.3776,8.081197,8.036
48499,8.173725,8.690733,8.5055
48501,5.762175,6.2322645,6.605625
48503,6.6080003,7.155371,7.0385
48505,8.63625,9.788475,8.7645
48507,7.0795746,7.9611917,7.680875
49001,4.2363253,4.75546,4.57825
49003,5.930175,7.373252,7.4666247
49005,5.904975,7.416826,7.713125
49007,4.59805,5.277395,4.81
49009,3.8357997,4.753187,4.4432497
49011,6.30125,8.012515,7.0955
49013,4.772175,6.1014824,5.01075
49015,4.4905996,5.089665,4.6654997
49017,4.01685,4.4659033,4.2973747
49019,4.22785,4.797051,4.5155
49021,4.3771005,4.8844824,4.576125
49023,4.7109003,5.485044,5.131875
49025,4.14255,4.537641,4.35
49027,4.66475,5.169009,5.09275
49029,5.6107497,6.9812226,6.3112497
49031,4.13915,4.7127066,4.55575
49033,4.6484003,5.7656493,5.3100004
49035,6.8179255,8.353277,7.8164997
49037,4.022525,4.4516234,4.1672497
49039,4.5528,5.1795034,5.1165
49041,4.4103003,4.872528,4.8432503
49043,5.45015,6.4047728,5.9466248
49045,5.2143,6.426263,5.5130005
49047,4.873225,5.8600464,5.07
49049,5.94855,7.200586,6.691375
49051,5.3399496,6.414254,5.76775
49053,4.9747,5.247375,5.28025
49055,4.11835,4.580774,4.33125
49057,6.26945,7.854744,7.3754997
50001,5.430525,6.0860853,6.0286245
50003,5.363225,6.102279,5.8737497
50005,4.7201,5.272813,5.1525
50007,5.49695,6.080447,6.165
50009,4.62635,5.0961666,5.0445
50011,5.410325,5.972085,5.90925
50013,5.63355,6.3337736,6.213375
50015,4.7306,5.310817,5.138
50017,4.8781,5.4821587,5.380625
50019,4.992775,5.4629107,5.403375
50021,5.73735,6.521463,6.5505
50023,4.9543753,5.528327,5.4068747
50025,5.306,6.0440516,6.168125
50027,5.105625,5.7544317,5.793
51001,5.9246497,6.401082,6.2460003
51003,6.577025,7.002404,7.337
51005,6.178975,6.582245,6.6486254
51007,6.6452003,7.1974993,6.993
51009,6.706375,7.033927,7.128125
51011,6.625125,7.06727,6.999
51013,7.464025,8.072339,7.781
51015,6.3056,6.673336,6.882
51017,5.848625,6.12915,5.912
51019,6.763125,7.216153,7.1665
51021,6.27345,6.6934977,6.6665
51023,6.61035,7.0213027,6.996
51025,6.6396003,7.0691094,7.431
51027,6.5165496,6.908952,6.879
51029,6.538775,6.9715853,7.093875
51031,6.904425,7.321543,7.266
51033,6.6828003,7.2384286,7.14475
51035,6.322525,6.838327,6.783
51036,6.6924005,7.1577883,7.294
51037,6.6887,7.216881,7.081
51041,7.2366996,7.748529,7.691
51043,6.658825,7.375582,7.07325
51045,6.2494497,6.6798286,6.5620003
51047,6.6545997,7.128539,7.557
51049,6.5942497,7.067322,7.00675
51051,6.4708,6.91835,6.820875
51053,6.7657995,7.2860003,7.256
51057,6.24125,6.766343,6.591
51059,7.4964,8.069063,8.002
51061,6.8458495,7.3517036,7.518625
51063,6.3342,6.76987,6.7095
51065,6.6723,7.103537,7.41875
51067,6.81775,7.182431,7.21
51069,6.6414504,7.311602,7.0155
51071,6.4446745,6.8730927,6.756
51073,6.1414003,6.651023,6.5285
51075,6.778675,7.313142,7.262
51077,6.13505,6.5591416,6.548
51079,6.38315,6.8469725,7.219125
51081,6.4862504,6.997645,7.29
51083,6.9711,7.4489455,7.506
51085,7.1511497,7.5934157,7.605
51087,7.350425,7.8097773,7.737
51089,6.9020996,7.3932037,7.361
51091,5.4984503,5.8983335,6.12225
51093,6.3122497,6.8019753,6.8035
51095,6.3483,6.845216,6.8
51097,6.3092003,6.801702,6.757
51099,6.5460753,7.124331,6.99275
51101,6.5264,7.0253205,6.979
51103,5.9336996,6.479287,6.269
51105,6.7632246,7.4115114,7.38625
51107,7.25685,7.877252,7.6565
51109,6.72715,7.201606,7.4536247
51111,6.60495,7.12891,7.098
51113,6.270875,6.813291,6.372
51115,5.898925,6.464598,6.2115
51117,6.7408752,7.259276,7.34
51119,6.0372,6.543134,6.463
51121,6.535,6.9902573,6.8735
51125,6.1538496,6.556952,6.71775
51127,6.699675,7.1938963,7.215
51131,5.80365,6.342501,6.099
51133,5.91255,6.4658403,6.266
51135,6.6023,7.13346,7.0365
51137,6.670125,7.215061,7.51775
51139,6.22755,6.716296,6.9485
51141,6.593225,7.074501,7.03225
51143,7.06325,7.5340586,7.545
51145,6.8319,7.3714776,7.166625
51147,6.65605,7.090323,7.003
51149,6.7341003,7.285736,7.366
51153,7.30115,7.824716,7.89125
51155,6.476625,6.941015,6.8205
51157,6.260325,6.724514,7.052125
51159,6.09785,6.614846,6.457
51161,6.7202005,7.1611114,7.129
51163,6.173875,6.5856643,6.562625
51165,6.4153504,6.824191,7.035625
51167,6.3553,6.8467207,6.614
51169,6.5969253,7.1500754,6.88
51171,6.1421003,6.6616735,6.8005
51173,6.14805,6.5321717,6.445
51175,6.265575,6.761879,6.978
51177,6.950625,7.4248934,7.6140003
51179,6.984725,7.534568,7.595875
51181,6.27875,6.7628655,6.861
51183,6.34625,6.8373656,6.959
51185,6.28705,6.686078,6.647
51187,6.374175,6.933053,6.95175
51191,6.30615,6.7316437,6.591
51193,6.2604,6.788813,6.64075
51195,6.4471498,6.9374175,6.80225
51197,6.178425,6.6773834,6.565
51199,6.221675,6.7624726,6.427
51510,7.38535,8.004679,7.7147503
51520,6.497925,6.94626,6.753
51530,6.3431253,6.6332636,6.369
51540,6.6548753,7.11217,7.44525
51550,6.3809996,6.906006,6.669
51570,6.9391503,7.530876,7.513
51580,6.2125998,6.6353784,6.6341248
51590,7.2518754,7.7142386,7.7375
51595,6.506275,7.008864,7.304
51600,7.5211,8.15258,7.9897504
51610,7.5176,8.130125,7.96525
51620,6.25735,6.744954,6.872
51630,6.9929748,7.5177193,7.6755
51640,6.289475,6.7919555,6.7695
51650,6.3025002,6.827166,6.5375
51660,6.5596,7.020401,7.1735
51670,6.9199996,7.468103,7.524
51678,6.263875,6.590213,6.28
51680,6.873675,7.277405,7.2333746
51683,7.3361497,7.9294214,7.9795
51685,7.33365,7.979312,7.9294996
51690,6.9722505,7.4858575,7.442
51700,6.3144503,6.860331,6.6365
51710,6.42565,6.989694,6.743
51720,6.4313993,6.9243727,6.78675
51730,6.8277,7.4107466,7.409
51735,6.14985,6.673703,6.33
51740,6.4463997,7.006237,6.798
51750,6.613875,7.056955,6.926
51760,7.4185247,7.916991,7.895
51770,6.7862,7.23621,7.194
51775,6.69435,7.116763,7.098
51790,6.36945,6.767684,6.93725
51800,6.239625,6.7919326,6.7165
51810,6.252675,6.7939186,6.443
51820,6.4332,6.8510294,7.04675
51830,6.3464003,6.8443007,6.827
51840,6.7309,7.438794,7.11625
53001,7.2974997,10.119097,8.660875
53003,6.965275,8.695993,7.687625
53005,8.0927,10.884386,10.21625
53007,5.6607246,7.7535563,6.89275
53009,3.8596,4.6341414,4.007
53011,6.157325,8.297171,6.841625
53013,6.09375,7.901204,6.7437496
53015,5.2163,6.455162,6.03725
53017,5.94175,8.432882,7.163
53019,6.28765,8.767155,7.02475
53021,8.31945,11.038831,10.526251
53023,6.13725,7.978526,6.701
53025,7.20205,10.199823,9.07775
53027,4.5138254,5.335168,4.738625
53029,5.1957,6.7517824,5.792375
53031,4.3802996,5.2725916,4.864
53033,5.96335,7.7533293,6.99725
53035,4.99445,6.4793983,5.6967497
53037,5.4224,7.633877,6.108
53039,5.45955,7.420907,6.13275
53041,4.98045,6.280767,5.70725
53043,6.746675,9.569636,7.64425
53045,4.516825,5.6039286,4.743125
53047,6.5039,8.910522,7.84325
53049,4.6264253,5.516814,4.95525
53051,7.5956497,9.909697,8.70075
53053,5.7609,7.507431,6.7982497
53055,4.799225,5.9565725,5.0955
53057,4.9044,6.237396,5.667
53059,4.59295,6.7092485,5.196
53061,6.171275,7.9883666,7.6363754
53063,7.81405,10.550921,9.244625
53065,7.0262747,9.66979,7.90675
53067,5.24345,6.8772287,5.68225
53069,4.6743,5.7828436,5.41
53071,6.822175,8.919906,7.8554997
53073,4.7301,6.2148557,5.506875
53075,6.8406,9.000219,7.6507497
53077,6.8483505,9.630626,8.498751
54001,6.16035,6.568447,6.6735
54003,6.9934998,7.8676405,7.318
54005,6.8523498,7.288648,7.1991253
54007,6.4681,6.8347626,7.061
54009,8.0621,8.672732,8.692
54011,7.641875,8.143813,7.92575
54013,6.9992,7.397683,7.652
54015,6.6704497,7.074744,7.123
54017,7.03415,7.5011926,7.767
54019,6.76635,7.107318,7.099
54021,6.8153505,7.2439604,7.4939995
54023,5.5831003,6.0046263,6.11125
54025,6.2295504,6.6323347,6.529125
54027,5.98275,6.4796166,6.472
54029,7.9450006,8.699791,8.475
54031,5.7127,6.18662,6.1645
54033,6.90185,7.3449035,7.3549995
54035,7.5917253,8.013687,8.19375
54037,7.0062995,7.8041964,7.282
54039,7.59125,7.9514985,7.9642496
54041,6.5775003,7.029032,7.20875
54043,7.1490755,7.6365714,7.499875
54045,6.783525,7.2160378,7.059
54047,6.36045,6.7935534,6.7385
54049,6.8464,7.3713217,7.1829996
54051,7.9033995,8.35415,9.267625
54053,7.6657,8.157764,8.204
54055,6.4502,6.841449,6.9225
54057,5.89095,6.403216,6.30825
54059,6.7648,7.21445,7.0740004
54061,6.67415,7.218292,7.04975
54063,6.3912,6.7803116,6.72375
54065,6.4855247,7.209471,6.9685
54067,6.2068,6.6437883,6.631125
54069,7.9901505,8.500405,9.137875
54071,5.47665,5.89907,6.00875
54073,7.540975,8.009552,8.3428755
54075,5.5154753,5.9428053,5.96325
54077,6.1555,6.5593567,6.689375
54079,7.7445498,8.157446,8.159
54081,6.6928496,7.0556307,7.02
54083,5.70265,6.0719004,6.2182503
54085,7.2065496,7.661084,7.9625
54087,7.2618,7.5425925,7.87075
54089,6.5040255,6.88119,6.811
54091,6.4932504,6.98887,6.9491253
54093,5.6531,6.058383,6.121
54095,7.4149003,7.8597474,8.31575
54097,6.227775,6.61859,6.7045
54099,7.38915,7.859353,7.703
54101,5.7747,6.1900554,6.1532497
54103,7.3727503,7.792389,8.42925
54105,7.420175,7.771567,8.151751
54107,7.8495245,8.340488,8.506875
54109,6.552675,6.928981,6.9165
55001,6.3532996,7.4798684,6.8251247
55003,4.207225,5.167371,4.713625
55005,5.39785,6.4762244,5.6071253
55007,4.1008,5.0609136,4.67575
55009,6.4805746,7.5519395,6.8725
55011,6.4011497,7.4576044,6.84725
55013,4.5810747,5.6762,5.038125
55015,6.67615,7.840808,7.021
55017,6.3176246,7.335734,6.7313747
55019,6.0881,7.1710863,6.60575
55021,6.7816253,7.9393606,7.249
55023,6.8938994,7.971611,7.253875
55025,7.40985,8.58029,7.7422504
55027,6.904525,8.134261,7.180375
55029,5.54365,6.563263,5.8704996
55031,4.215825,5.1732187,4.725
55033,6.129075,7.218927,6.50975
55035,6.5791,7.678768,6.931375
55037,4.5204,5.4646587,4.84975
55039,6.60195,7.8266816,6.91675
55041,4.510625,5.552474,4.968875
55043,7.294825,8.369726,7.609
55045,7.7276254,8.741676,7.9095
55047,6.42865,7.6552362,6.74925
55049,7.0930495,8.1769085,7.5551248
55051,4.2946,5.2440314,4.708125
55053,6.3028,7.396656,6.7512503
55055,7.4928255,8.692091,7.77325
55057,6.53,7.562972,6.994875
55059,7.3028,8.476778,7.5165
55061,5.8061247,6.924718,6.09175
55063,6.8325753,7.8967834,7.249125
55065,7.4196,8.573313,7.90875
55067,5.2230253,6.237776,5.83775
55069,5.248225,6.360699,5.886125
55071,6.2332,7.338117,6.706625
55073,6.09025,7.209935,6.70475
55075,5.36555,6.376767,5.74125
55077,6.4663,7.5782013,6.89725
55078,5.419275,6.590483,6.00825
55079,7.6189256,8.753322,7.76825
55081,6.5112505,7.592414,6.9350004
55083,5.5375,6.6370025,5.947625
55085,4.76155,5.784281,5.2854996
55087,6.6734495,7.8442855,7.0185
55089,7.080475,8.0841,7.4595
55091,6.287425,7.34411,6.7242503
55093,6.19555,7.2692747,6.6405
55095,5.3623,6.4838057,5.712
55097,6.20855,7.373854,6.7015
55099,4.7713995,5.8589883,5.146
55101,7.4075,8.560392,7.816
55103,6.7231,7.832122,7.2305
55105,7.815725,9.021156,8.074875
55107,5.23425,6.360114,5.59025
55109,6.04955,7.1854043,6.555375
55111,6.6763,7.790016,7.174
55113,4.691525,5.7294397,4.970125
55115,5.7539,6.887578,6.265
55117,6.3074,7.4645147,6.847
55119,5.5574503,6.678051,6.0959997
55121,6.49795,7.6259375,6.931125
55123,6.6650496,7.7381716,7.1215
55125,4.47905,5.479396,4.927125
55127,7.7485504,8.874992,8.08625
55129,4.609575,5.6519494,4.90125
55131,7.1300497,8.287234,7.482375
55133,7.76435,8.928152,7.906375
55135,6.0938997,7.2622695,6.567125
55137,6.2888746,7.4232187,6.71275
55139,6.7093,7.9527383,7.01075
55141,6.2858,7.396567,6.78825
56001,3.26515,4.256909,3.9552503
56003,3.78745,4.8617353,4.39225
56005,3.9859002,5.1566124,4.704
56007,3.24115,3.987349,3.8255
56009,3.113275,4.0138435,3.430625
56011,3.99325,4.9522605,4.7845
56013,3.4047751,4.298424,3.8665001
56015,3.63775,4.4643664,3.988
56017,3.069475,4.162009,3.401875
56019,3.1140752,4.146973,3.54525
56021,3.6683,4.5699434,4.052
56023,3.7420998,4.7414675,4.70075
56025,3.0618749,3.9314294,3.642875
56027,3.12545,4.0484877,3.478
56029,3.6948502,4.7361364,4.49475
56031,3.19105,4.0814433,3.51
56033,4.397425,5.452741,5.69
56035,3.01895,4.106581,3.82025
56037,4.05085,4.937773,5.343
56039,2.925525,4.03312,3.322125
56041,4.99925,5.7598333,5.3945
56043,3.5744,4.554353,3.9099998
56045,3.489125,4.4744253,4.2015
